update,seed,board_size,hidden_size,avg_reward,success_frac,median_reward_across_seeds,median_delta,temperature
10,100,10,16,0.009215,0.050000,0.009215,0.000000,0.951110
20,100,10,16,0.009223,0.050000,0.009223,0.000007,0.904610
30,100,10,16,0.012193,0.060000,0.012193,0.002970,0.860384
40,100,10,16,0.007655,0.035000,0.007655,-0.004538,0.818320
50,100,10,16,0.010967,0.050000,0.010967,0.003312,0.778313
60,100,10,16,0.009238,0.050000,0.009238,-0.001729,0.740261
70,100,10,16,0.010916,0.050000,0.010916,0.001678,0.704070
80,100,10,16,0.007165,0.035000,0.007165,-0.003750,0.669648
90,100,10,16,0.009846,0.045000,0.009846,0.002681,0.636909
100,100,10,16,0.008939,0.050000,0.008939,-0.000908,0.605770
110,100,10,16,0.006815,0.035000,0.006815,-0.002124,0.576154
120,100,10,16,0.006704,0.035000,0.006704,-0.000110,0.547986
130,100,10,16,0.011826,0.050000,0.011826,0.005122,0.521195
140,100,10,16,0.011948,0.050000,0.011948,0.000122,0.495714
150,100,10,16,0.011393,0.060000,0.011393,-0.000555,0.471479
160,100,10,16,0.006308,0.035000,0.006308,-0.005085,0.448428
170,100,10,16,0.006223,0.035000,0.006223,-0.000086,0.426505
180,100,10,16,0.005092,0.025000,0.005092,-0.001130,0.405653
190,100,10,16,0.006068,0.035000,0.006068,0.000976,0.385821
200,100,10,16,0.004923,0.025000,0.004923,-0.001146,0.366958
210,100,10,16,0.012098,0.055000,0.012098,0.007175,0.349017
220,100,10,16,0.009239,0.050000,0.009239,-0.002859,0.331954
230,100,10,16,0.004706,0.025000,0.004706,-0.004533,0.315725
240,100,10,16,0.015274,0.065000,0.015274,0.010568,0.300289
250,100,10,16,0.011139,0.060000,0.011139,-0.004135,0.285608
260,100,10,16,0.011126,0.060000,0.011126,-0.000013,0.271645
270,100,10,16,0.009564,0.045000,0.009564,-0.001562,0.258364
280,100,10,16,0.009577,0.045000,0.009577,0.000013,0.245733
290,100,10,16,0.015918,0.065000,0.015918,0.006341,0.233719
300,100,10,16,0.016012,0.065000,0.016012,0.000094,0.222292
310,100,10,16,0.016094,0.065000,0.016094,0.000082,0.211424
320,100,10,16,0.016164,0.065000,0.016164,0.000070,0.201088
330,100,10,16,0.016223,0.065000,0.016223,0.000059,0.191257
340,100,10,16,0.011070,0.060000,0.011070,-0.005153,0.181906
350,100,10,16,0.011068,0.060000,0.011068,-0.000003,0.173013
360,100,10,16,0.011066,0.060000,0.011066,-0.000002,0.164554
370,100,10,16,0.016368,0.065000,0.016368,0.005302,0.156509
380,100,10,16,0.016387,0.065000,0.016387,0.000019,0.148857
390,100,10,16,0.016401,0.065000,0.016401,0.000014,0.141580
400,100,10,16,0.016412,0.065000,0.016412,0.000011,0.134658
10,200,10,16,0.006907,0.025000,0.008061,0.000000,0.951110
20,200,10,16,0.006763,0.025000,0.007993,-0.000068,0.904610
30,200,10,16,0.012564,0.065000,0.012379,0.004386,0.860384
40,200,10,16,0.006846,0.030000,0.007250,-0.005128,0.818320
50,200,10,16,0.006314,0.025000,0.008641,0.001390,0.778313
60,200,10,16,0.006162,0.025000,0.007700,-0.000941,0.740261
70,200,10,16,0.006009,0.025000,0.008462,0.000762,0.704070
80,200,10,16,0.005857,0.025000,0.006511,-0.001951,0.669648
90,200,10,16,0.005706,0.025000,0.007776,0.001265,0.636909
100,200,10,16,0.005558,0.025000,0.007248,-0.000528,0.605770
110,200,10,16,0.005414,0.025000,0.006114,-0.001134,0.576154
120,200,10,16,0.005274,0.025000,0.005989,-0.000125,0.547986
130,200,10,16,0.009209,0.050000,0.010517,0.004528,0.521195
140,200,10,16,0.006996,0.035000,0.009472,-0.001045,0.495714
150,200,10,16,0.009195,0.045000,0.010294,0.000822,0.471479
160,200,10,16,0.009201,0.045000,0.007755,-0.002539,0.448428
170,200,10,16,0.009206,0.045000,0.007715,-0.000040,0.426505
180,200,10,16,0.009211,0.045000,0.007152,-0.000563,0.405653
190,200,10,16,0.009214,0.045000,0.007641,0.000490,0.385821
200,200,10,16,0.008715,0.050000,0.006819,-0.000822,0.366958
210,200,10,16,0.008676,0.050000,0.010387,0.003568,0.349017
220,200,10,16,0.008639,0.050000,0.008939,-0.001448,0.331954
230,200,10,16,0.008603,0.050000,0.006655,-0.002284,0.315725
240,200,10,16,0.009213,0.045000,0.012244,0.005589,0.300289
250,200,10,16,0.008459,0.040000,0.009799,-0.002445,0.285608
260,200,10,16,0.008512,0.050000,0.009819,0.000020,0.271645
270,200,10,16,0.009203,0.045000,0.009384,-0.000435,0.258364
280,200,10,16,0.006910,0.030000,0.008243,-0.001140,0.245733
290,200,10,16,0.006904,0.030000,0.011411,0.003168,0.233719
300,200,10,16,0.006900,0.030000,0.011456,0.000045,0.222292
310,200,10,16,0.005315,0.030000,0.010705,-0.000751,0.211424
320,200,10,16,0.004836,0.025000,0.010500,-0.000204,0.201088
330,200,10,16,0.004828,0.025000,0.010526,0.000025,0.191257
340,200,10,16,0.004821,0.025000,0.007945,-0.002580,0.181906
350,200,10,16,0.004815,0.025000,0.007941,-0.000004,0.173013
360,200,10,16,0.004810,0.025000,0.007938,-0.000003,0.164554
370,200,10,16,0.004807,0.025000,0.010587,0.002649,0.156509
380,200,10,16,0.004804,0.025000,0.010596,0.000008,0.148857
390,200,10,16,0.004802,0.025000,0.010602,0.000006,0.141580
400,200,10,16,0.004801,0.025000,0.010606,0.000005,0.134658
10,300,10,16,0.011655,0.045000,0.009215,0.000000,0.951110
20,300,10,16,0.011747,0.045000,0.009223,0.000007,0.904610
30,300,10,16,0.011841,0.045000,0.012193,0.002970,0.860384
40,300,10,16,0.011936,0.045000,0.007655,-0.004538,0.818320
50,300,10,16,0.012033,0.045000,0.010967,0.003312,0.778313
60,300,10,16,0.012131,0.045000,0.009238,-0.001729,0.740261
70,300,10,16,0.012232,0.045000,0.010916,0.001678,0.704070
80,300,10,16,0.012335,0.045000,0.007165,-0.003750,0.669648
90,300,10,16,0.012439,0.045000,0.009846,0.002681,0.636909
100,300,10,16,0.008617,0.050000,0.008617,-0.001230,0.605770
110,300,10,16,0.008689,0.050000,0.006815,-0.001802,0.576154
120,300,10,16,0.012048,0.045000,0.006704,-0.000110,0.547986
130,300,10,16,0.016082,0.065000,0.011826,0.005122,0.521195
140,300,10,16,0.015300,0.075000,0.011948,0.000122,0.495714
150,300,10,16,0.010069,0.050000,0.010069,-0.001880,0.471479
160,300,10,16,0.012083,0.045000,0.009201,-0.000868,0.448428
170,300,10,16,0.009089,0.050000,0.009089,-0.000112,0.426505
180,300,10,16,0.013510,0.045000,0.009211,0.000121,0.405653
190,300,10,16,0.013641,0.045000,0.009214,0.000003,0.385821
200,300,10,16,0.013773,0.045000,0.008715,-0.000499,0.366958
210,300,10,16,0.009288,0.050000,0.009288,0.000573,0.349017
220,300,10,16,0.009328,0.050000,0.009239,-0.000050,0.331954
230,300,10,16,0.009363,0.050000,0.008603,-0.000635,0.315725
240,300,10,16,0.009394,0.050000,0.009394,0.000791,0.300289
250,300,10,16,0.009422,0.050000,0.009422,0.000027,0.285608
260,300,10,16,0.009446,0.050000,0.009446,0.000024,0.271645
270,300,10,16,0.009466,0.050000,0.009466,0.000021,0.258364
280,300,10,16,0.009484,0.050000,0.009484,0.000018,0.245733
290,300,10,16,0.009499,0.050000,0.009499,0.000015,0.233719
300,300,10,16,0.009512,0.050000,0.009512,0.000013,0.222292
310,300,10,16,0.009522,0.050000,0.009522,0.000010,0.211424
320,300,10,16,0.009531,0.050000,0.009531,0.000009,0.201088
330,300,10,16,0.009538,0.050000,0.009538,0.000007,0.191257
340,300,10,16,0.009543,0.050000,0.009543,0.000006,0.181906
350,300,10,16,0.015085,0.045000,0.011068,0.001524,0.173013
360,300,10,16,0.010625,0.045000,0.010625,-0.000442,0.164554
370,300,10,16,0.009554,0.050000,0.009554,-0.001071,0.156509
380,300,10,16,0.008229,0.045000,0.008229,-0.001325,0.148857
390,300,10,16,0.007002,0.040000,0.007002,-0.001227,0.141580
400,300,10,16,0.006228,0.035000,0.006228,-0.000774,0.134658
10,100,10,32,0.009245,0.045000,0.009245,0.000000,0.951110
20,100,10,32,0.009275,0.045000,0.009275,0.000030,0.904610
30,100,10,32,0.010386,0.050000,0.010386,0.001112,0.860384
40,100,10,32,0.009233,0.050000,0.009233,-0.001153,0.818320
50,100,10,32,0.012811,0.065000,0.012811,0.003578,0.778313
60,100,10,32,0.012897,0.065000,0.012897,0.000085,0.740261
70,100,10,32,0.012985,0.065000,0.012985,0.000088,0.704070
80,100,10,32,0.009238,0.050000,0.009238,-0.003746,0.669648
90,100,10,32,0.009237,0.050000,0.009237,-0.000001,0.636909
100,100,10,32,0.013273,0.065000,0.013273,0.004035,0.605770
110,100,10,32,0.013379,0.065000,0.013379,0.000107,0.576154
120,100,10,32,0.013492,0.065000,0.013492,0.000113,0.547986
130,100,10,32,0.013612,0.065000,0.013612,0.000120,0.521195
140,100,10,32,0.010912,0.050000,0.010912,-0.002701,0.495714
150,100,10,32,0.010992,0.050000,0.010992,0.000081,0.471479
160,100,10,32,0.005863,0.030000,0.005863,-0.005130,0.448428
170,100,10,32,0.005829,0.030000,0.005829,-0.000034,0.426505
180,100,10,32,0.014316,0.065000,0.014316,0.008487,0.405653
190,100,10,32,0.011300,0.050000,0.011300,-0.003016,0.385821
200,100,10,32,0.008485,0.050000,0.008485,-0.002814,0.366958
210,100,10,32,0.011434,0.050000,0.011434,0.002948,0.349017
220,100,10,32,0.014960,0.065000,0.014960,0.003526,0.331954
230,100,10,32,0.015119,0.065000,0.015119,0.000160,0.315725
240,100,10,32,0.015274,0.065000,0.015274,0.000155,0.300289
250,100,10,32,0.015422,0.065000,0.015422,0.000148,0.285608
260,100,10,32,0.015562,0.065000,0.015562,0.000140,0.271645
270,100,10,32,0.015692,0.065000,0.015692,0.000130,0.258364
280,100,10,32,0.015811,0.065000,0.015811,0.000119,0.245733
290,100,10,32,0.015918,0.065000,0.015918,0.000107,0.233719
300,100,10,32,0.016012,0.065000,0.016012,0.000094,0.222292
310,100,10,32,0.016094,0.065000,0.016094,0.000082,0.211424
320,100,10,32,0.016164,0.065000,0.016164,0.000070,0.201088
330,100,10,32,0.009619,0.045000,0.009619,-0.006546,0.191257
340,100,10,32,0.009623,0.045000,0.009623,0.000005,0.181906
350,100,10,32,0.008985,0.040000,0.008985,-0.000639,0.173013
360,100,10,32,0.008981,0.040000,0.008981,-0.000003,0.164554
370,100,10,32,0.008979,0.040000,0.008979,-0.000002,0.156509
380,100,10,32,0.008977,0.040000,0.008977,-0.000002,0.148857
390,100,10,32,0.008976,0.040000,0.008976,-0.000001,0.141580
400,100,10,32,0.008975,0.040000,0.008975,-0.000001,0.134658
10,200,10,32,0.013139,0.060000,0.011192,0.000000,0.951110
20,200,10,32,0.013306,0.060000,0.011290,0.000099,0.904610
30,200,10,32,0.013477,0.060000,0.011932,0.000641,0.860384
40,200,10,32,0.013652,0.060000,0.011442,-0.000489,0.818320
50,200,10,32,0.013828,0.060000,0.013320,0.001878,0.778313
60,200,10,32,0.014007,0.060000,0.013452,0.000132,0.740261
70,200,10,32,0.014186,0.060000,0.013585,0.000134,0.704070
80,200,10,32,0.014365,0.060000,0.011802,-0.001784,0.669648
90,200,10,32,0.009663,0.045000,0.009450,-0.002351,0.636909
100,200,10,32,0.014718,0.060000,0.013995,0.004545,0.605770
110,200,10,32,0.013368,0.070000,0.013374,-0.000622,0.576154
120,200,10,32,0.014646,0.070000,0.014069,0.000695,0.547986
130,200,10,32,0.015223,0.060000,0.014417,0.000348,0.521195
140,200,10,32,0.015886,0.065000,0.013399,-0.001019,0.495714
150,200,10,32,0.007089,0.030000,0.009041,-0.004358,0.471479
160,200,10,32,0.016892,0.070000,0.011377,0.002337,0.448428
170,200,10,32,0.007044,0.030000,0.006437,-0.004941,0.426505
180,200,10,32,0.007025,0.030000,0.010670,0.004234,0.405653
190,200,10,32,0.007007,0.030000,0.009153,-0.001517,0.385821
200,200,10,32,0.006991,0.030000,0.007738,-0.001415,0.366958
210,200,10,32,0.006976,0.030000,0.009205,0.001467,0.349017
220,200,10,32,0.006963,0.030000,0.010961,0.001756,0.331954
230,200,10,32,0.006951,0.030000,0.011035,0.000074,0.315725
240,200,10,32,0.006941,0.030000,0.011107,0.000072,0.300289
250,200,10,32,0.006931,0.030000,0.011177,0.000069,0.285608
260,200,10,32,0.006923,0.030000,0.011243,0.000066,0.271645
270,200,10,32,0.006916,0.030000,0.011304,0.000061,0.258364
280,200,10,32,0.006910,0.030000,0.011360,0.000056,0.245733
290,200,10,32,0.006904,0.030000,0.011411,0.000051,0.233719
300,200,10,32,0.006900,0.030000,0.011456,0.000045,0.222292
310,200,10,32,0.011999,0.055000,0.014047,0.002591,0.211424
320,200,10,32,0.016844,0.060000,0.016504,0.002457,0.201088
330,200,10,32,0.016862,0.060000,0.013240,-0.003264,0.191257
340,200,10,32,0.016876,0.060000,0.013250,0.000010,0.181906
350,200,10,32,0.016888,0.060000,0.012936,-0.000314,0.173013
360,200,10,32,0.016897,0.060000,0.012939,0.000003,0.164554
370,200,10,32,0.016904,0.060000,0.012941,0.000002,0.156509
380,200,10,32,0.016909,0.060000,0.012943,0.000002,0.148857
390,200,10,32,0.016913,0.060000,0.012944,0.000001,0.141580
400,200,10,32,0.006882,0.030000,0.007928,-0.005016,0.134658
10,300,10,32,0.013519,0.075000,0.013139,0.000000,0.951110
20,300,10,32,0.013642,0.075000,0.013306,0.000167,0.904610
30,300,10,32,0.013768,0.075000,0.013477,0.000171,0.860384
40,300,10,32,0.009474,0.045000,0.009474,-0.004003,0.818320
50,300,10,32,0.009456,0.045000,0.012811,0.003337,0.778313
60,300,10,32,0.009437,0.045000,0.012897,0.000085,0.740261
