update,num_transitions,avg_episode_reward,avg_step_reward,policy_loss,value_loss,entropy,total_loss
1,286,-1.430000,-0.010000,-0.01507506,0.00549192,1.38481944,-0.15081104
2,317,-1.585000,-0.010000,-0.00200822,0.00785046,1.38516163,-0.13659916
3,474,-0.913333,-0.005781,-0.00771808,0.03361230,1.37365583,-0.12827751
4,460,-0.866667,-0.005652,-0.01287561,0.03857182,1.35839642,-0.12942934
5,472,-1.573333,-0.010000,0.01399376,0.00571602,1.35462515,-0.11861075
6,262,-1.310000,-0.010000,0.07445803,0.00624945,1.36341051,-0.05875829
7,503,-1.343333,-0.008012,0.00114514,0.02116396,1.35873714,-0.12414659
8,397,-1.985000,-0.010000,0.00790895,0.00617404,1.37297134,-0.12630117
9,455,-0.850000,-0.005604,0.02591842,0.03520873,1.36471446,-0.09294866
10,488,-1.293333,-0.007951,0.00339808,0.02262190,1.35334986,-0.12062596
11,357,-1.785000,-0.010000,-0.00886483,0.00809623,1.35534063,-0.14035077
12,478,-0.926667,-0.005816,-0.01104323,0.03746547,1.36050335,-0.12836083
13,508,-1.693333,-0.010000,-0.01431893,0.01037943,1.34949926,-0.14407915
14,399,-1.495000,-0.007494,0.00555985,0.02218279,1.34322663,-0.11767142
15,410,-0.700000,-0.005122,0.01472458,0.04250855,1.35175969,-0.09919711
16,331,-1.655000,-0.010000,0.00198540,0.00966112,1.35710116,-0.12889415
17,460,-1.200000,-0.007826,0.00763617,0.02567029,1.36452619,-0.11598131
18,397,-1.485000,-0.007481,-0.02029572,0.02842548,1.36602616,-0.14268560
19,482,-1.273333,-0.007925,0.00197991,0.02441982,1.36003592,-0.12181377
20,505,-1.016667,-0.006040,-0.00212829,0.04274760,1.34632284,-0.11538677
21,326,-1.130000,-0.006933,-0.02908620,0.03461811,1.34823390,-0.14660054
22,464,-1.213333,-0.007845,0.02172957,0.02373305,1.37534550,-0.10393846
23,430,-0.766667,-0.005349,-0.00110018,0.03803844,1.37838861,-0.11991983
24,490,-1.633333,-0.010000,0.00774291,0.01006746,1.38044190,-0.12526755
25,298,-0.990000,-0.006644,-0.00354636,0.03198380,1.38133799,-0.12568826
26,291,-0.955000,-0.006564,-0.01146816,0.03494606,1.37687687,-0.13168282
27,501,-1.336667,-0.008004,-0.00070664,0.02256680,1.37124007,-0.12654725
28,504,-1.680000,-0.010000,-0.00139556,0.01016682,1.36766401,-0.13307855
29,276,-1.380000,-0.010000,0.00297740,0.01058953,1.35395576,-0.12712341
30,315,-1.575000,-0.010000,-0.00600701,0.01059097,1.35368143,-0.13607967
31,322,-1.610000,-0.010000,0.00370987,0.00971092,1.36711966,-0.12814664
32,387,-1.435000,-0.007416,0.01601747,0.02507551,1.37582113,-0.10902689
33,493,-1.310000,-0.007972,-0.00223970,0.02653770,1.37844771,-0.12681562
34,508,-1.360000,-0.008031,-0.00478201,0.02662641,1.36947415,-0.12841622
35,502,-1.340000,-0.008008,-0.00311893,0.02507981,1.35830467,-0.12640950
36,447,-0.823333,-0.005526,-0.00369928,0.04179778,1.33461568,-0.11626196
37,385,-0.925000,-0.004805,0.06342041,0.03558396,1.32930074,-0.05171769
38,371,-1.355000,-0.007305,-0.00567821,0.02517265,1.33910464,-0.12700235
39,262,-1.310000,-0.010000,-0.02277027,0.01091034,1.32886011,-0.15020112
40,362,-0.810000,-0.004475,-0.00257516,0.04326054,1.34412842,-0.11535773
41,440,-1.466667,-0.010000,-0.00360757,0.01068202,1.35595334,-0.13386189
42,506,-1.353333,-0.008024,-0.00274791,0.02346757,1.37826526,-0.12884066
43,399,-1.995000,-0.010000,0.00225345,0.00761403,1.38467472,-0.13240701
44,440,-0.133333,-0.000909,-0.00104070,0.06987840,1.38442830,-0.10454433
45,256,-1.280000,-0.010000,-0.00007130,0.01074561,1.38121618,-0.13282012
46,494,-1.313333,-0.007976,0.00277963,0.02652785,1.38074756,-0.12203121
47,459,-0.863333,-0.005643,-0.02314787,0.03846626,1.38042649,-0.14195740
48,390,0.050000,0.000256,-0.00019800,0.08767494,1.37473562,-0.09383409
49,494,-0.980000,-0.005951,-0.00252609,0.03746598,1.37550609,-0.12134370
50,451,-0.836667,-0.005565,0.02713589,0.03397034,1.35818831,-0.09169777
51,493,-0.976667,-0.005943,-0.00087936,0.03252008,1.36133266,-0.12075259
52,320,-1.100000,-0.006875,-0.00264327,0.02691760,1.36821669,-0.12600614
53,387,-0.935000,-0.004832,-0.02466058,0.04162865,1.37097227,-0.14094348
54,314,-0.070000,-0.000446,-0.00660747,0.08833755,1.36478662,-0.09891736
55,450,-1.166667,-0.007778,0.03107056,0.01918483,1.33814547,-0.09315158
56,395,-0.475000,-0.002405,-0.02314891,0.05465558,1.33366601,-0.12918772
57,356,-1.280000,-0.007191,-0.00142678,0.02503277,1.35758576,-0.12466897
58,293,-0.965000,-0.006587,0.00243523,0.02733397,1.36510266,-0.12040806
59,407,-0.690000,-0.005086,0.01726026,0.03802211,1.36822110,-0.10055080
60,356,-1.280000,-0.007191,0.00213244,0.02475996,1.36947003,-0.12243459
61,350,-0.750000,-0.004286,0.00313551,0.04126600,1.36033132,-0.11226463
62,463,-1.210000,-0.007840,0.01830607,0.02024501,1.35579362,-0.10715078
63,297,-0.485000,-0.003266,0.00335554,0.05413827,1.36084112,-0.10565945
64,340,-0.200000,-0.001176,-0.00902807,0.05912167,1.36324349,-0.11579159
65,388,-1.940000,-0.010000,0.01249906,0.00546386,1.36117839,-0.12088685
66,317,-1.585000,-0.010000,-0.00013432,0.00693813,1.34879225,-0.13154448
67,335,-1.675000,-0.010000,0.01221317,0.00771833,1.35294078,-0.11922175
68,388,-1.440000,-0.007423,0.02856495,0.02131002,1.35651643,-0.09643169
69,479,-0.596667,-0.003737,-0.02511051,0.04966179,1.32203658,-0.13248328
70,407,-1.023333,-0.007543,-0.00622194,0.02608053,1.30352762,-0.12353444
71,301,-1.505000,-0.010000,0.00361218,0.01006718,1.33650924,-0.12500516
72,494,-0.646667,-0.003927,0.00199120,0.07102076,1.35159285,-0.09765771
73,466,-1.220000,-0.007854,-0.01581753,0.02485102,1.35610749,-0.13900278
74,409,-0.696667,-0.005110,0.01384855,0.04139085,1.36429757,-0.10188578
75,469,-0.563333,-0.003603,0.00082517,0.04940119,1.36674193,-0.11114843
76,430,-0.100000,-0.000698,0.00005041,0.07576186,1.37703804,-0.09977246
77,415,-0.716667,-0.005181,-0.01163491,0.05288570,1.37179388,-0.12237145
78,512,-1.373333,-0.008047,-0.00745711,0.01969570,1.34352153,-0.13196142
79,313,-1.065000,-0.006805,0.00164510,0.02833998,1.32990421,-0.11717533
80,305,-1.025000,-0.006721,-0.00131806,0.02691552,1.33721737,-0.12158204
81,485,-0.950000,-0.005876,-0.00312993,0.03551708,1.35231105,-0.12060250
82,501,-0.670000,-0.004012,-0.00705838,0.04168829,1.36916890,-0.12313113
83,471,-1.236667,-0.007877,0.00367213,0.02057437,1.35996571,-0.12203727
84,306,-1.030000,-0.006732,-0.00442984,0.02969729,1.35122989,-0.12470419
85,466,-1.553333,-0.010000,-0.02001395,0.00993424,1.35614273,-0.15066110
86,428,-1.093333,-0.007664,0.00097890,0.02601016,1.37024067,-0.12304009
87,325,-1.625000,-0.010000,0.03803671,0.00837164,1.37699140,-0.09547661
88,481,-0.936667,-0.005842,-0.00315265,0.04758546,1.38137574,-0.11749750
89,321,-1.605000,-0.010000,0.01498139,0.01039006,1.38133697,-0.11795728
90,314,-0.570000,-0.003631,-0.00012421,0.04804963,1.37898395,-0.11399779
91,292,-0.960000,-0.006575,-0.00027667,0.02980760,1.37225230,-0.12259811
92,334,-1.670000,-0.010000,0.00922847,0.00785729,1.34875847,-0.12171873
93,467,-0.890000,-0.005717,-0.01851793,0.03788310,1.33975539,-0.13355192
94,331,-1.155000,-0.006979,-0.01291953,0.02772348,1.35818401,-0.13487620
95,461,-0.870000,-0.005662,0.01229346,0.03748084,1.37055907,-0.10602202
96,271,-1.355000,-0.010000,0.01836950,0.00758047,1.37278670,-0.11511894
97,327,-1.135000,-0.006942,-0.00700753,0.03184073,1.36739149,-0.12782632
98,293,-1.465000,-0.010000,0.00926827,0.00800923,1.36771697,-0.12349881
99,260,-1.300000,-0.010000,0.05370057,0.01031515,1.36515357,-0.07765721
100,331,-1.655000,-0.010000,0.01841302,0.00961974,1.35429953,-0.11220706
101,259,-1.295000,-0.010000,-0.00048027,0.01355211,1.34004060,-0.12770828
102,386,-1.430000,-0.007409,0.00539382,0.02604410,1.33343584,-0.11492772
103,269,-0.845000,-0.006283,0.00365725,0.03670797,1.33405867,-0.11139464
104,503,-1.343333,-0.008012,-0.00204817,0.03241922,1.35406068,-0.12124463
105,439,-1.463333,-0.010000,0.00077656,0.01575391,1.36452062,-0.12779855
106,382,-0.910000,-0.004764,-0.00430332,0.04345876,1.35577195,-0.11815114
107,297,-0.485000,-0.003266,0.00074434,0.05099236,1.33311458,-0.10707095
108,282,-1.410000,-0.010000,0.00871929,0.00998339,1.32687612,-0.11897662
109,439,-0.463333,-0.003166,0.00071721,0.05399894,1.35234040,-0.10751736
110,282,0.090000,0.000638,0.00819492,0.06264970,1.36399016,-0.09687926
111,279,-0.395000,-0.002832,0.00021726,0.05147555,1.36809471,-0.11085444
112,303,-1.515000,-0.010000,0.00223520,0.00715087,1.36468475,-0.13065784
113,500,-1.333333,-0.008000,0.00161033,0.03111306,1.36267360,-0.11910051
114,443,-0.476667,-0.003228,-0.00245343,0.05251450,1.37303710,-0.11349990
115,448,-1.493333,-0.010000,-0.00028349,0.00772381,1.37934539,-0.13435612
116,276,-1.380000,-0.010000,0.01213798,0.00971799,1.38151458,-0.12115449
117,400,-0.500000,-0.002500,0.00251516,0.05515106,1.37997102,-0.10790642
118,287,-0.935000,-0.006516,-0.00815103,0.03033766,1.37642462,-0.13062467
119,326,-1.130000,-0.006933,0.02161228,0.02611675,1.36795121,-0.10212446
120,392,-1.960000,-0.010000,0.03597768,0.00618258,1.34182669,-0.09511370
121,357,-0.785000,-0.004398,-0.00340016,0.04429596,1.31247160,-0.11249935
122,289,-0.945000,-0.006540,0.00705414,0.02983415,1.28960370,-0.10698916
123,390,-1.450000,-0.007436,-0.06180912,0.02789059,1.28430959,-0.17629479
124,400,-1.500000,-0.007500,-0.02664742,0.03049732,1.31241278,-0.14264004
125,271,-0.355000,-0.002620,-0.02351769,0.05369079,1.31773139,-0.12844544
126,439,-0.796667,-0.005444,-0.00760067,0.03763059,1.28762735,-0.11754811
127,334,-1.170000,-0.007006,-0.00019374,0.02958993,1.28027621,-0.11342639
128,502,-1.673333,-0.010000,0.00034040,0.00812622,1.26803504,-0.12239999
129,476,-1.586667,-0.010000,-0.01595585,0.01066394,1.32839937,-0.14346382
130,292,-0.960000,-0.006575,0.00333684,0.03383972,1.34014678,-0.11375798
131,375,-1.875000,-0.010000,-0.00308648,0.00765263,1.33720020,-0.13298019
132,317,-1.085000,-0.006845,-0.00337022,0.03024967,1.33713727,-0.12195912
133,373,-1.365000,-0.007319,-0.00057926,0.02597904,1.32225462,-0.11981521
134,301,-0.505000,-0.003355,0.00289063,0.04792035,1.33833046,-0.10698224
135,338,-0.690000,-0.004083,-0.00033422,0.04505465,1.35670050,-0.11347694
136,311,-1.055000,-0.006785,0.00143569,0.02822222,1.36646559,-0.12109976
137,469,-1.563333,-0.010000,0.00831000,0.00934524,1.37711067,-0.12472846
138,503,-0.676667,-0.004036,0.00034102,0.04649704,1.38093694,-0.11450416
139,403,-1.343333,-0.010000,0.00522583,0.01118678,1.38178259,-0.12735904
140,314,-1.070000,-0.006815,-0.00136918,0.02751283,1.38492544,-0.12610531
141,328,-0.640000,-0.003902,-0.01724650,0.06633438,1.38524901,-0.12260421
142,404,-0.680000,-0.005050,0.00277586,0.04540055,1.38344470,-0.11286834
143,330,-1.150000,-0.006970,-0.03122847,0.03107660,1.38081633,-0.15377180
144,273,-0.865000,-0.006337,0.02695904,0.02799014,1.37706703,-0.09675260
145,479,-0.930000,-0.005825,0.01232442,0.03422958,1.37792516,-0.10835330
146,283,-0.915000,-0.006466,0.00644289,0.02986790,1.37942781,-0.11656595
147,432,-1.106667,-0.007685,-0.00602266,0.02435683,1.37785887,-0.13163013
148,482,-0.606667,-0.003776,0.00976243,0.05588051,1.37903591,-0.10020091
149,354,-1.270000,-0.007175,-0.00175102,0.02616074,1.37940674,-0.12661132
150,356,-1.780000,-0.010000,0.00018149,0.00537112,1.37367335,-0.13450029
151,474,-0.913333,-0.005781,-0.01817983,0.03452501,1.37417979,-0.13833530
152,367,0.110000,0.000899,-0.00400141,0.10964593,1.37759905,-0.08693836
153,297,-0.485000,-0.003266,0.00036392,0.04974124,1.37757318,-0.11252278
154,483,-0.610000,-0.003789,0.00111073,0.04919725,1.38331271,-0.11262192
155,358,-0.290000,-0.001620,0.00152741,0.05410567,1.38426024,-0.10984578
156,377,-0.885000,-0.004695,0.00107849,0.03869388,1.38214769,-0.11778935
157,295,-0.475000,-0.003220,0.00015244,0.04368774,1.38231326,-0.11623502
158,432,-0.773333,-0.005370,-0.00123839,0.03327228,1.37807730,-0.12240998
159,391,-0.955000,-0.004885,0.04473341,0.02981187,1.37740928,-0.07810159
160,313,-1.565000,-0.010000,-0.01005046,0.00821886,1.36946730,-0.14288777
161,358,-1.290000,-0.007207,-0.01325194,0.02473759,1.34800290,-0.13568344
162,445,-1.483333,-0.010000,-0.00054027,0.00909985,1.33047851,-0.12903820
163,437,-1.123333,-0.007712,-0.00319734,0.02460133,1.32728052,-0.12362473
164,348,-0.240000,-0.001379,-0.00452374,0.06723540,1.36127205,-0.10703325
165,437,-1.123333,-0.007712,-0.00058161,0.02440684,1.37608724,-0.12598692
166,482,-1.273333,-0.007925,-0.01617090,0.02026279,1.36541539,-0.14258105
167,256,-1.280000,-0.010000,-0.00767367,0.00949512,1.33811589,-0.13673770
168,384,-1.420000,-0.007396,-0.00177235,0.02628361,1.31635649,-0.12026619
169,401,-0.336667,-0.002519,0.00136912,0.05345319,1.35454272,-0.10735856
170,406,-1.020000,-0.007537,0.01252980,0.02534846,1.36084291,-0.11088026
171,334,-0.170000,-0.001018,-0.00246498,0.06189639,1.36671265,-0.10818806
172,299,-0.495000,-0.003311,0.00081142,0.04920555,1.36498928,-0.11108474
173,364,-1.320000,-0.007253,-0.01106036,0.02355700,1.35646836,-0.13492869
174,276,-0.380000,-0.002754,-0.02140943,0.04808619,1.32102380,-0.12946872
175,324,-0.620000,-0.003827,0.02554544,0.04287305,1.31608080,-0.08462612
176,300,-0.500000,-0.003333,-0.01095244,0.04724773,1.31617277,-0.11894586
177,372,-0.860000,-0.004624,0.00169080,0.03912529,1.34004764,-0.11275132
178,289,-0.445000,-0.003080,-0.00444051,0.04519483,1.33808629,-0.11565173
179,385,-0.925000,-0.004805,0.06200394,0.03135779,1.33624102,-0.05594126
180,357,-1.785000,-0.010000,0.00561150,0.00663306,1.33510661,-0.12458263
181,427,-0.756667,-0.005316,0.00271394,0.04176351,1.35687303,-0.11209161
182,469,-0.563333,-0.003603,0.00997912,0.04327836,1.36498499,-0.10488020
183,495,-0.983333,-0.005960,-0.00096068,0.03204539,1.36986438,-0.12192443
184,294,-0.970000,-0.006599,-0.01142441,0.03435436,1.37652585,-0.13189982
185,472,-1.240000,-0.007881,0.00364205,0.02207878,1.38214539,-0.12353310
186,406,-1.353333,-0.010000,-0.01863593,0.01101283,1.37502268,-0.15063179
187,276,-0.880000,-0.006377,-0.01771101,0.02977333,1.36733965,-0.13955831
188,395,-0.975000,-0.004937,0.00866835,0.03723549,1.34525276,-0.10723918
189,273,-1.365000,-0.010000,-0.00069828,0.00920618,1.34097773,-0.13019297
190,284,-1.420000,-0.010000,0.00702283,0.01055054,1.34354543,-0.12205644
191,354,-1.770000,-0.010000,0.00475799,0.01075338,1.33505406,-0.12337073
192,465,-0.883333,-0.005699,-0.01163583,0.04143489,1.33935585,-0.12485397
193,291,0.045000,0.000309,0.00358401,0.05831219,1.35053151,-0.10231305
194,322,-1.610000,-0.010000,-0.16021419,0.01311180,1.35031930,-0.28869022
195,431,-1.436667,-0.010000,-0.00184240,0.01284899,1.35418558,-0.13083647
196,364,-1.320000,-0.007253,0.00045499,0.02753009,1.36557989,-0.12233796
197,441,-0.803333,-0.005465,-0.00321674,0.03639447,1.36743992,-0.12176350
198,510,-0.366667,-0.002157,-0.00062619,0.05782430,1.36323206,-0.10803724
199,397,-0.985000,-0.004962,0.02300075,0.03314967,1.35519104,-0.09594353
200,492,-1.306667,-0.007967,0.00372550,0.02130477,1.35201436,-0.12082356
201,510,-1.033333,-0.006078,-0.00002322,0.05508800,1.35592752,-0.10807198
202,381,-0.905000,-0.004751,-0.00042092,0.06692306,1.36129937,-0.10308933
203,280,-0.900000,-0.006429,-0.02646884,0.02930461,1.33191411,-0.14500794
204,505,-1.016667,-0.006040,-0.00690332,0.05224196,1.35964067,-0.11674641
205,511,-1.036667,-0.006086,0.00006682,0.03230672,1.35239453,-0.11901928
206,360,-1.300000,-0.007222,-0.00450258,0.02299020,1.36020868,-0.12902835
207,362,-1.310000,-0.007238,0.00475716,0.02432261,1.35729811,-0.11881135
208,491,-0.636667,-0.003890,0.00122522,0.06019865,1.36752996,-0.10542845
209,374,-0.870000,-0.004652,-0.00726207,0.04253881,1.37968499,-0.12396117
210,503,-0.676667,-0.004036,-0.00201633,0.04409735,1.38477857,-0.11844552
211,440,-0.133333,-0.000909,-0.00825523,0.05783881,1.37640461,-0.11697629
212,278,1.110000,0.007986,-0.01898883,0.12143212,1.36773326,-0.09504611
213,281,0.595000,0.004235,-0.01404867,0.08409042,1.36558426,-0.10856189
214,489,-1.296667,-0.007955,0.00162962,0.01900861,1.35085636,-0.12395172
215,402,-0.673333,-0.005025,-0.01091054,0.03706114,1.36374966,-0.12875495
216,461,-0.870000,-0.005662,0.01199724,0.03110459,1.36334582,-0.10878505
217,264,-0.320000,-0.002424,0.00355456,0.04910080,1.34066631,-0.10596167
218,424,-1.080000,-0.007642,0.00077483,0.01980322,1.30659677,-0.11998324
219,380,-1.400000,-0.007368,-0.00124954,0.01996971,1.30683579,-0.12194827
220,444,-1.146667,-0.007748,-0.00152713,0.02122658,1.32326664,-0.12324051
221,420,-1.066667,-0.007619,-0.00533010,0.02063647,1.33282636,-0.12829450
222,402,-0.673333,-0.005025,0.00072060,0.03731967,1.33908644,-0.11452822
223,431,-0.770000,-0.005360,-0.00493529,0.03410980,1.34286533,-0.12216693
224,401,-0.670000,-0.005012,0.00506466,0.03610584,1.30988820,-0.10787124
225,417,-0.723333,-0.005204,0.01054646,0.03363701,1.30374223,-0.10300926
226,486,-0.286667,-0.001770,0.00298151,0.06294465,1.32558104,-0.09810428
227,351,-0.755000,-0.004302,-0.00996288,0.03618232,1.31326397,-0.12319812
228,365,-0.825000,-0.004521,-0.00143469,0.03368750,1.26483119,-0.11107406
229,308,-0.540000,-0.003506,0.00083429,0.03852572,1.24828215,-0.10473106
230,499,-0.663333,-0.003988,-0.00181005,0.03157141,1.27691742,-0.11371609
231,420,-0.733333,-0.005238,0.00050395,0.03233443,1.29068525,-0.11239736
232,451,-0.503333,-0.003348,-0.00888685,0.03906697,1.30291892,-0.11964526
233,265,-0.825000,-0.006226,-0.00862385,0.02478225,1.33213100,-0.12944583
234,260,0.700000,0.005385,0.00923570,0.07409021,1.34097513,-0.08781671
235,315,-0.575000,-0.003651,-0.00731219,0.02912824,1.32054648,-0.12480272
236,320,-0.600000,-0.003750,-0.00527026,0.03353943,1.30612393,-0.11911295
237,434,-0.780000,-0.005392,-0.00413192,0.02574125,1.29171901,-0.12043320
238,431,-0.770000,-0.005360,-0.00346550,0.02513941,1.31575214,-0.12247101
239,405,-0.683333,-0.005062,-0.01610668,0.02669369,1.32071937,-0.13483177
240,511,-0.703333,-0.004129,-0.00117238,0.02831669,1.31710875,-0.11872491
241,313,-0.565000,-0.003610,-0.00267021,0.02522296,1.33845509,-0.12390424
242,351,-0.755000,-0.004302,0.00777955,0.02048669,1.33553361,-0.11553047
243,402,-0.673333,-0.005025,-0.02714592,0.02917109,1.33978101,-0.14653848
244,454,-0.180000,-0.001189,0.02361821,0.04180709,1.35213751,-0.09069199
245,338,-0.690000,-0.004083,0.02315092,0.03471421,1.35749269,-0.09524125
246,327,-0.135000,-0.000826,-0.02706992,0.04744872,1.35569961,-0.13891552
247,337,-0.685000,-0.004065,0.01902376,0.04171704,1.34777511,-0.09489523
248,438,-0.460000,-0.003151,-0.00819009,0.03672179,1.34207375,-0.12403658
249,477,-0.256667,-0.001614,-0.00149455,0.03505068,1.34521726,-0.11849094
250,337,-0.685000,-0.004065,0.01876529,0.02554280,1.35331806,-0.10379512
251,352,-0.760000,-0.004318,-0.01223104,0.02317114,1.35149536,-0.13579501
252,431,-0.436667,-0.003039,-0.00911685,0.05455994,1.35697375,-0.11753426
253,352,-0.760000,-0.004318,-0.02173034,0.02551972,1.35532852,-0.14450334
254,500,-0.333333,-0.002000,-0.00458950,0.03816961,1.34541441,-0.12004614
255,367,0.165000,0.000899,0.00468878,0.05143147,1.34103753,-0.10369924
256,493,-0.643333,-0.003915,-0.00876166,0.03994466,1.34207052,-0.12299639
257,483,-0.610000,-0.003789,-0.00880511,0.02955239,1.33667666,-0.12769658
258,467,0.110000,0.000707,-0.00964582,0.05156039,1.32252223,-0.11611785
259,336,0.820000,0.004881,-0.02469090,0.12286591,1.32910085,-0.09616804
260,260,-0.300000,-0.002308,-0.03135099,0.03945131,1.28749403,-0.14037473
261,466,-0.553333,-0.003562,-0.02476447,0.02321758,1.31387860,-0.14454355
262,268,-0.340000,-0.002537,0.02463506,0.01469790,1.31528978,-0.09954497
263,411,-0.370000,-0.002701,0.00659705,0.03216101,1.31801692,-0.10912413
264,262,0.690000,0.005267,-0.10316361,0.07460096,1.29308422,-0.19517156
265,363,0.185000,0.001019,0.00118694,0.03967882,1.30826473,-0.10980013
266,402,-0.673333,-0.005025,0.02232761,0.01931727,1.31825862,-0.09983962
267,281,-0.405000,-0.002883,-0.00790014,0.03364004,1.26480633,-0.11756076
268,345,-0.225000,-0.001304,0.01164401,0.02739158,1.30256847,-0.10491706
269,282,0.090000,0.000638,0.00073291,0.04476762,1.28743954,-0.10562724
270,364,-0.820000,-0.004505,-0.00434366,0.01357685,1.32522406,-0.13007764
271,295,0.025000,0.000169,-0.00958141,0.03508466,1.30737020,-0.12277610
272,265,0.675000,0.005094,-0.04426739,0.09107635,1.30285567,-0.12901479
273,500,0.333333,0.002000,-0.00111722,0.05596439,1.29438134,-0.10257316
274,436,-0.120000,-0.000826,-0.00615947,0.02632977,1.30902721,-0.12389731
275,492,0.026667,0.000163,0.00127513,0.03318308,1.32806611,-0.11493994
276,435,-0.450000,-0.003103,0.00381233,0.01479906,1.32216057,-0.12100420
277,436,-0.120000,-0.000826,-0.00291507,0.02716653,1.32206578,-0.12153838
278,396,0.520000,0.002626,0.03266831,0.06148289,1.32381735,-0.06897198
279,285,0.075000,0.000526,-0.00712076,0.03471022,1.26949010,-0.11671466
280,347,-0.235000,-0.001354,0.00219026,0.02573067,1.27868985,-0.11281339
281,506,1.313333,0.007787,-0.00130596,0.07606373,1.28682487,-0.09195658
282,405,-0.016667,-0.000123,-0.00285159,0.03721235,1.29253322,-0.11349874
283,443,0.190000,0.001287,-0.00529794,0.03201094,1.29423417,-0.11871590
284,442,0.526667,0.003575,-0.00435989,0.04684415,1.28076331,-0.10901415
285,274,0.130000,0.000949,0.03637277,0.03686805,1.27820214,-0.07301342
286,395,0.025000,0.000127,0.03306523,0.03462897,1.26128504,-0.07574880
287,395,-0.975000,-0.004937,-0.03471321,0.01129135,1.29592721,-0.15866026
288,360,-0.300000,-0.001667,-0.00072553,0.02294970,1.23772485,-0.11302316
289,407,-0.023333,-0.000172,-0.01518575,0.03381180,1.27193171,-0.12547303
290,351,-0.755000,-0.004302,-0.01769705,0.03173279,1.28989902,-0.13082056
291,280,0.600000,0.004286,-0.01508572,0.04621943,1.30005163,-0.12198116
292,500,-0.000000,-0.000000,0.00092493,0.03167886,1.30589815,-0.11382545
293,461,-0.536667,-0.003492,0.02128362,0.01122580,1.28441946,-0.10154542
294,484,0.720000,0.004463,-0.00409877,0.04317405,1.27841473,-0.11035322
295,383,-0.415000,-0.002167,-0.00593906,0.01931548,1.29053071,-0.12533439
296,444,0.520000,0.003514,-0.00693904,0.04121658,1.27691354,-0.11402210
297,260,0.700000,0.005385,-0.10090912,0.06449080,1.24650781,-0.19331451
298,474,1.086667,0.006878,0.00039351,0.04912927,1.27625147,-0.10266700
299,352,-0.260000,-0.001477,-0.02379124,0.02281752,1.28768026,-0.14115051
300,396,0.520000,0.002626,0.01700902,0.03910525,1.29613300,-0.09305166
301,433,0.223333,0.001547,-0.00571297,0.03794648,1.28809881,-0.11554961
302,385,-0.425000,-0.002208,0.03790591,0.02846889,1.28960861,-0.07682051
303,417,0.276667,0.001990,-0.00426789,0.04754762,1.29571320,-0.11006540
304,294,1.020000,0.010408,-0.03248876,0.09996657,1.25652811,-0.10815829
305,412,-0.040000,-0.000291,-0.00253477,0.04747535,1.28066181,-0.10686328
306,288,0.560000,0.003889,0.00371179,0.04444366,1.24020888,-0.09808727
307,478,0.406667,0.002552,0.00419854,0.03234055,1.26846695,-0.10647789
308,428,0.573333,0.004019,-0.00157555,0.05098987,1.27206409,-0.10328703
309,260,0.700000,0.005385,-0.06113405,0.02781074,1.26877553,-0.17410624
310,423,0.256667,0.001820,-0.00812258,0.04368255,1.29708081,-0.11598939
311,313,0.435000,0.002780,-0.00556973,0.03474109,1.29175552,-0.11737474
312,384,0.080000,0.000417,-0.00346262,0.02228416,1.30875713,-0.12319626
313,452,0.370000,0.003274,0.01123514,0.09858655,1.30198863,-0.06967045
314,292,0.540000,0.003699,-0.00139938,0.03764749,1.27349367,-0.10992500
315,304,0.480000,0.003158,-0.01346415,0.04473513,1.27615709,-0.11871229
316,475,0.416667,0.002632,-0.01148250,0.03980120,1.28979660,-0.12056156
317,395,0.025000,0.000127,0.00540222,0.04113560,1.27017834,-0.10104782
318,406,-0.686667,-0.005074,-0.01049799,0.01166259,1.27577137,-0.13224383
319,296,1.013333,0.010270,-0.00732497,0.13862072,1.22297131,-0.06031174
320,502,-0.006667,-0.000040,-0.00481440,0.02651777,1.29466565,-0.12102209
321,481,0.396667,0.002474,-0.00977235,0.03933783,1.27004854,-0.11710829
322,262,1.190000,0.009084,0.03562490,0.08931470,1.25445519,-0.04516327
323,392,0.540000,0.002755,0.02885596,0.04527248,1.28579938,-0.07708774
324,264,0.680000,0.005152,-0.00840411,0.03456411,1.27425532,-0.11854759
325,364,1.120000,0.009231,-0.00707035,0.06319640,1.25350631,-0.10082279
326,318,0.910000,0.005723,-0.00746614,0.03662770,1.26146056,-0.11529834
327,460,0.600000,0.005217,0.00847022,0.08285205,1.26486561,-0.07659032
328,471,0.096667,0.000616,0.01815294,0.04304963,1.27105116,-0.08742736
329,473,0.090000,0.000571,0.00521301,0.02840002,1.26971187,-0.10755817
330,377,0.743333,0.005915,-0.00527287,0.08619508,1.28115746,-0.09029108
331,320,0.400000,0.002500,-0.00645354,0.02013589,1.28162728,-0.12454832
332,472,1.880000,0.023898,-0.01113048,0.15875267,1.24779529,-0.05653368
333,499,0.752500,0.006032,-0.00159701,0.05601048,1.27845223,-0.10143699
334,273,0.635000,0.004652,-0.02172792,0.01818152,1.27431329,-0.14006849
335,492,0.026667,0.000163,-0.00199165,0.02806653,1.27730050,-0.11568844
336,380,0.100000,0.000526,-0.01047521,0.04352822,1.28073643,-0.11678474
337,464,1.120000,0.007241,0.00192234,0.05017472,1.28298158,-0.10128846
338,404,-0.013333,-0.000099,0.01192972,0.01874694,1.24520617,-0.10321743
339,268,0.160000,0.001194,-0.06032737,0.01771956,1.21693817,-0.17316141
340,283,0.585000,0.004134,-0.01624920,0.03937467,1.23654335,-0.12021620
341,437,0.210000,0.001442,-0.00888703,0.04449811,1.26133540,-0.11277151
342,360,1.133333,0.009444,0.00236784,0.05957447,1.24638003,-0.09248293
343,266,0.780000,0.008797,0.02076760,0.07153322,1.26583519,-0.07004932
344,347,-0.235000,-0.001354,-0.02188071,0.05219020,1.25336091,-0.12112170
345,337,1.210000,0.010772,0.01547709,0.05801571,1.26953626,-0.08246868
346,391,0.045000,0.000230,0.02123055,0.03432727,1.27971108,-0.08957693
347,458,0.140000,0.000917,0.01867616,0.03000084,1.25377306,-0.09170073
348,442,0.526667,0.003575,-0.00895622,0.02829143,1.25096091,-0.11990660
349,351,0.245000,0.001396,-0.01464315,0.02915875,1.28236228,-0.12830001
350,370,1.100000,0.008919,-0.00480213,0.06197340,1.21571691,-0.09538711
351,360,-0.300000,-0.001667,-0.01056246,0.02052735,1.28656626,-0.12895542
352,482,0.393333,0.002448,-0.00494683,0.02546485,1.25895355,-0.11810977
353,401,-0.336667,-0.002519,-0.01249665,0.02567887,1.25496817,-0.12515403
354,437,1.407500,0.012883,-0.00486957,0.09535012,1.23803130,-0.08099764
355,328,-0.140000,-0.000854,-0.04873520,0.06968457,1.25822961,-0.13971588
356,508,0.306667,0.001811,-0.00451757,0.03276971,1.23636669,-0.11176939
357,355,1.150000,0.009718,-0.01810335,0.08245000,1.23677370,-0.10055572
358,454,0.615000,0.005419,-0.05643195,0.10221857,1.17326823,-0.12264948
359,272,0.760000,0.008382,-0.02285851,0.11549794,1.15441953,-0.08055149
360,454,1.115000,0.009824,0.02390723,0.07540983,1.17158153,-0.05554601
361,410,-0.033333,-0.000244,-0.00246210,0.02882463,1.25012199,-0.11306198
362,500,0.333333,0.002000,0.00083451,0.02617643,1.26782762,-0.11286004
363,269,1.155000,0.008587,-0.01005447,0.04554169,1.20648251,-0.10793187
364,504,1.740000,0.013810,-0.00729398,0.08691387,1.20504258,-0.08434130
365,301,1.495000,0.009934,-0.00368606,0.03515106,1.25260908,-0.11137145
366,349,-0.245000,-0.001404,-0.02359437,0.02993136,1.27600182,-0.13622888
367,509,0.303333,0.001788,-0.00338241,0.02972581,1.30525143,-0.11904465
368,368,-0.340000,-0.001848,-0.00197336,0.02207357,1.31052593,-0.12198918
369,271,0.145000,0.001070,-0.01092422,0.01958904,1.28281787,-0.12941149
370,330,0.900000,0.008182,-0.01541817,0.12461299,1.29284803,-0.08239648
371,408,-0.026667,-0.000196,-0.00751268,0.02827317,1.27397345,-0.12077344
372,455,1.112500,0.009780,-0.05814416,0.06722395,1.24569905,-0.14910210
373,347,0.265000,0.001527,0.00332691,0.01709707,1.28647610,-0.11677217
374,321,1.263333,0.011807,-0.09841560,0.10726762,1.22078462,-0.16686026
375,431,0.563333,0.003921,-0.01058073,0.04656299,1.28021114,-0.11532035
376,368,0.660000,0.003587,-0.00343084,0.03216832,1.28447707,-0.11579439
377,367,-0.335000,-0.001826,-0.00377765,0.01899261,1.29119819,-0.12340117
378,396,0.020000,0.000101,0.00485488,0.04392455,1.27844770,-0.10102762
379,504,1.490000,0.011825,-0.00916904,0.05681386,1.27029396,-0.10779151
380,473,1.567500,0.013256,-0.01453566,0.05548961,1.23027932,-0.10981879
381,288,1.060000,0.007361,-0.02627796,0.03642478,1.26500814,-0.13456639
382,461,0.847500,0.007354,-0.02419064,0.04549946,1.22451734,-0.12389264
383,458,0.855000,0.007467,-0.02197380,0.06507817,1.17124150,-0.10655887
384,334,1.553333,0.013952,0.01013392,0.06380671,1.21996668,-0.07995939
385,289,1.703333,0.017682,0.00081791,0.09463515,1.20083247,-0.07194776
386,494,1.265000,0.010243,-0.00312704,0.03931687,1.22649321,-0.10611793
387,280,1.733333,0.018571,-0.01274325,0.03343018,1.20206635,-0.11623480
388,496,2.130000,0.034355,-0.00443978,0.09307717,1.09413462,-0.06731465
389,412,1.293333,0.009417,-0.00621646,0.03490915,1.21912007,-0.11067389
390,466,2.482222,0.047940,-0.00927616,0.09686587,1.09429588,-0.07027281
391,469,2.051667,0.026247,-0.00402000,0.03853841,1.14448684,-0.09919949
392,289,2.456667,0.076505,-0.00326611,0.06413903,0.94569176,-0.06576577
393,322,2.130000,0.039689,0.03073867,0.05751522,1.11794836,-0.05229856
394,479,1.302500,0.010877,0.00520916,0.03968831,1.24919314,-0.09986600
395,262,1.690000,0.012901,0.10881646,0.03249679,1.22219349,0.00284550
396,465,1.270000,0.013656,0.01286835,0.04388401,1.22280787,-0.08747044
397,474,2.065000,0.017426,0.00446174,0.06379996,1.21926797,-0.08556508
398,350,1.875000,0.021429,-0.01926654,0.06934837,1.19292776,-0.10388513
399,301,1.330000,0.013256,-0.00980719,0.05196587,1.22331718,-0.10615597
400,309,1.455000,0.009417,-0.00890531,0.01868578,1.26231824,-0.12579425
401,444,1.926667,0.026036,-0.00968722,0.08647283,1.16392351,-0.08284316
402,384,2.165714,0.039479,-0.01323003,0.10723538,1.08285615,-0.06789796
403,473,1.454000,0.015370,-0.00103963,0.08718537,1.16157596,-0.07360454
404,282,1.545000,0.021915,0.01692204,0.07735919,1.15440128,-0.05983849
405,303,1.995000,0.039505,-0.00053117,0.02967534,1.09411732,-0.09510523
406,348,2.360000,0.047471,-0.00013808,0.04609099,1.03292842,-0.08038542
407,447,2.106000,0.023557,-0.00339576,0.12572725,1.16510366,-0.05704250
408,300,1.800000,0.030000,-0.00045437,0.02655491,1.12433777,-0.09961070
409,494,1.676667,0.020364,-0.00634553,0.05907707,1.20166939,-0.09697393
410,398,2.503333,0.037739,0.00246285,0.08960586,1.11346355,-0.06408057
411,349,1.902000,0.027249,-0.01792365,0.04787611,1.14766731,-0.10875232
412,507,2.132857,0.029448,-0.00948624,0.04291192,1.13455526,-0.10148580
413,299,2.252500,0.030134,-0.01546260,0.02754996,1.14983652,-0.11667128
414,487,2.304286,0.033121,-0.01224320,0.10359996,1.10877488,-0.07132071
415,360,2.700000,0.090000,-0.02472667,0.02627235,0.82814266,-0.09440476
416,266,1.835000,0.027594,-0.02600857,0.05245090,1.19201977,-0.11898510
417,373,2.181429,0.040938,-0.00041649,0.04509651,1.08695236,-0.08656347
418,272,1.570000,0.023088,-0.00313553,0.02569677,1.13546131,-0.10383328
419,384,2.040000,0.021250,-0.00709629,0.01839362,1.21905384,-0.11980486
420,363,2.046250,0.045096,-0.00765703,0.05390870,1.11229863,-0.09193254
421,445,2.610714,0.082135,0.00105282,0.06043537,0.96155732,-0.06488523
422,266,0.780000,0.008797,-0.00914560,0.06129421,1.19897861,-0.09839636
423,424,1.952000,0.023019,-0.02276028,0.05765023,1.17329587,-0.11126475
424,401,2.749167,0.082269,-0.03319543,0.07938273,0.88807827,-0.08231189
425,491,2.462727,0.055173,-0.00374992,0.04582521,0.99058475,-0.07989579
426,455,2.161111,0.042747,0.04657147,0.03378419,1.01712524,-0.03824896
427,307,1.821667,0.035603,-0.00444446,0.04148769,1.12366587,-0.09606720
428,388,0.560000,0.002887,0.01839192,0.04133955,1.27457278,-0.08839559
429,501,2.123750,0.033912,0.00697469,0.05738031,1.10071972,-0.07440713
430,316,2.280000,0.021646,-0.01868915,0.06262723,1.21395728,-0.10877126
431,371,2.286250,0.049299,-0.01370572,0.03163299,1.03791718,-0.10168095
432,483,2.597500,0.064534,0.00524355,0.04944211,0.95978726,-0.06601412
433,327,2.121667,0.038930,-0.02355754,0.05302019,1.12028380,-0.10907583
434,319,2.301667,0.043292,-0.00134685,0.04643674,1.10837560,-0.08896604
435,353,0.735000,0.004164,-0.01411735,0.02250480,1.27849482,-0.13071443
436,433,2.111667,0.029261,0.00492194,0.07212276,1.15733916,-0.07475060
437,445,2.467857,0.077640,-0.00706020,0.11523245,0.87608567,-0.03705254
438,400,2.666667,0.060000,-0.02015002,0.08355225,0.97875389,-0.07624929
439,282,2.030000,0.043191,0.01481001,0.08638542,1.01949739,-0.04394702
440,493,2.014000,0.020426,0.00643491,0.03323624,1.15768791,-0.09271577
441,276,1.746667,0.018986,0.02088146,0.03774113,1.17365606,-0.07761358
442,362,2.345000,0.025912,0.00934139,0.03965071,1.15826249,-0.08665950
443,330,1.740000,0.026364,-0.03200091,0.02835979,1.15743208,-0.13356422
444,386,2.690000,0.041813,0.01982519,0.05687441,1.08991823,-0.06072943
445,442,1.145000,0.010362,-0.00330678,0.06322407,1.18669413,-0.09036416
446,426,1.185000,0.011127,-0.01113171,0.01807628,1.23325719,-0.12541930
447,380,2.400000,0.018947,-0.00509028,0.06929248,1.20120305,-0.09056435
448,333,2.111667,0.038048,-0.01242548,0.04827580,1.09282908,-0.09757049
449,483,3.021250,0.050041,-0.01996239,0.15662530,1.02902701,-0.04455244
450,302,1.996667,0.039669,0.00201151,0.01775850,1.09153699,-0.09826294
451,304,2.565714,0.059079,-0.01376615,0.01347893,0.99020574,-0.10604726
452,391,2.853077,0.094859,0.03994894,0.06369812,0.80279926,-0.00848192
453,347,2.502727,0.079337,0.00446816,0.03529420,0.89275514,-0.06716026
454,428,2.245714,0.036729,-0.00845207,0.03844891,1.05095169,-0.09432278
455,475,2.041667,0.025789,0.00118150,0.02846382,1.11296903,-0.09588349
456,512,2.452308,0.062266,-0.00789557,0.03595419,0.96947316,-0.08686579
457,410,2.271429,0.038780,-0.01271190,0.03662097,1.07350740,-0.10175215
458,441,2.465833,0.067098,-0.00225208,0.05577088,0.92492385,-0.06685903
459,275,2.562500,0.037273,0.00459915,0.08399925,1.12540776,-0.06594200
460,493,2.407000,0.048824,-0.00554917,0.02867191,1.05988605,-0.09720182
461,301,2.165000,0.043156,0.00877172,0.01951584,1.06560958,-0.08803132
462,313,0.935000,0.005974,0.00027368,0.03172001,1.21053282,-0.10491960
463,257,2.738333,0.063930,-0.14320514,0.05614488,0.96257234,-0.21138993
464,275,2.531250,0.073636,0.01920573,0.04139120,0.89659204,-0.04975788
465,381,2.706923,0.092362,-0.01830576,0.09106612,0.79334515,-0.05210722
466,372,2.535000,0.054516,-0.00805849,0.04324560,1.01031697,-0.08746739
467,469,2.391818,0.056098,0.00665323,0.05635496,1.01892391,-0.06706168
468,341,1.647500,0.019326,0.00206657,0.05016327,1.16946435,-0.08979824
469,504,1.994286,0.027698,-0.00587666,0.05663162,1.10264597,-0.08782545
470,278,2.527500,0.072734,-0.00351483,0.04460674,0.85433755,-0.06664522
471,495,1.578571,0.022323,-0.00806017,0.05250885,1.13680738,-0.09548648
472,335,2.130000,0.031791,-0.02101110,0.03701951,1.09179725,-0.11168107
473,261,2.565000,0.058966,0.00108562,0.04227582,0.91516830,-0.06929331
474,330,2.175000,0.026364,-0.00973230,0.02180810,1.11774649,-0.11060290
475,304,2.392000,0.039342,-0.00381379,0.09736090,0.97933071,-0.05306641
476,402,2.665000,0.079552,-0.01006005,0.03587743,0.83125663,-0.07524700
477,449,2.711053,0.114722,0.08229107,0.01780729,0.66557353,0.02463735
478,409,2.355455,0.063350,-0.01760662,0.04062128,0.95204102,-0.09250008
479,364,2.636000,0.072418,-0.00417165,0.03030436,0.91107225,-0.08012669
480,316,2.262857,0.050127,-0.00453699,0.10498041,1.02113558,-0.05416035
481,343,2.714167,0.094956,-0.00617220,0.01892128,0.79660186,-0.07637175
482,329,2.693571,0.114620,0.01194594,0.01505883,0.61211100,-0.04173574
483,270,2.614286,0.067778,0.01056688,0.01820468,0.87798252,-0.06812903
484,435,2.745238,0.132529,-0.00080650,0.00380655,0.55928814,-0.05483204
485,437,2.701667,0.111281,0.00309462,0.04370000,0.75610418,-0.05066580
486,329,2.713750,0.065988,-0.02426555,0.02097302,0.93668813,-0.10744785
487,504,2.580000,0.061429,-0.00560284,0.05452142,0.96879247,-0.07522138
488,421,2.379000,0.056508,0.00510707,0.02262373,1.02528900,-0.08610997
489,397,2.253750,0.045416,-0.01035872,0.02225953,1.04864037,-0.10409299
490,351,2.641429,0.052678,-0.00713082,0.02803456,0.99268044,-0.09238159
491,509,2.422143,0.066621,-0.00455463,0.05440055,0.90511682,-0.06786604
492,330,2.700000,0.090000,-0.05261608,0.01406219,0.82448440,-0.12803342
493,272,2.070000,0.030441,0.04429817,0.06643594,1.09995970,-0.03247983
494,498,2.751000,0.110482,-0.00528872,0.04617084,0.70628035,-0.05283134
495,363,2.485556,0.061625,-0.00417046,0.01575842,0.97256082,-0.09354733
496,454,2.761053,0.115551,-0.00830310,0.00794694,0.64138857,-0.06846849
497,388,2.673333,0.124021,0.02308395,0.00356211,0.69185121,-0.04432012
498,477,2.136667,0.040314,-0.00981809,0.10256269,0.89945386,-0.04848213
499,293,2.214000,0.037782,-0.00856922,0.06976055,1.05277136,-0.07896608
500,340,2.661538,0.101765,-0.01193114,0.05390545,0.75400766,-0.06037918
501,350,2.607143,0.104286,-0.02383796,0.01744628,0.69028924,-0.08414375
502,325,2.696429,0.116154,0.01067990,0.00578338,0.65572972,-0.05200138
503,374,2.473333,0.059519,-0.00382620,0.01966751,0.95944533,-0.08993698
504,371,2.429000,0.065472,-0.01069042,0.03228642,0.90100309,-0.08464752
505,341,2.073750,0.048651,0.02525801,0.06150714,0.84703948,-0.02869237
506,409,1.818333,0.026675,-0.02810508,0.07175335,1.11153209,-0.10338161
507,488,2.720000,0.117049,-0.00074310,0.01651780,0.58943379,-0.05142758
508,468,2.693333,0.069060,-0.01463211,0.02976306,0.90221828,-0.08997241
509,351,2.436250,0.055527,-0.00728177,0.01867424,0.94264882,-0.09220953
510,476,2.812000,0.118151,-0.03788452,0.02410659,0.60287774,-0.08611900
511,505,2.736957,0.124653,-0.01820303,0.00425728,0.60665469,-0.07673986
512,379,1.842000,0.024301,-0.00758640,0.04195507,1.08678916,-0.09528777
513,378,2.685000,0.085238,-0.01462431,0.04864009,0.75821515,-0.06612578
514,269,2.562308,0.123829,-0.04775065,0.01106258,0.59809704,-0.10202907
515,492,1.846667,0.022520,-0.01300128,0.06725227,1.07535875,-0.08691102
516,503,2.497000,0.049642,-0.00875192,0.10423244,0.96531845,-0.05316754
517,398,2.651000,0.133216,-0.04599414,0.01353620,0.55704831,-0.09493087
518,490,2.463636,0.055306,-0.01515103,0.03891972,0.89795843,-0.08548702
519,511,2.745417,0.128943,-0.00179173,0.00726951,0.54707983,-0.05286497
520,452,2.774000,0.122743,0.03784748,0.02034353,0.57599683,-0.00958044
521,383,2.195000,0.034386,-0.00427961,0.03212683,0.99256882,-0.08747307
522,511,2.430625,0.076106,-0.00383883,0.05683516,0.86575748,-0.06199700
523,491,2.012857,0.028697,-0.00221142,0.10172061,1.10047755,-0.06139888
524,290,0.550000,0.003793,0.00005922,0.03407163,1.23186622,-0.10609159
525,397,0.676667,0.005113,-0.03050204,0.04096407,1.26977173,-0.13699718
526,257,2.766364,0.118405,0.04240184,0.07293212,0.61588443,0.01727946
527,364,2.585000,0.113626,-0.01177769,0.01191241,0.62324069,-0.06814556
528,306,2.710000,0.123987,-0.01174624,0.00732762,0.55591439,-0.06367387
529,293,2.790714,0.133345,0.00278699,0.00341697,0.54764740,-0.05026927
530,456,1.110000,0.009737,-0.02210388,0.03093459,1.22615284,-0.12925188
531,487,1.521667,0.018747,0.00231867,0.02726764,1.13596439,-0.09764395
532,436,2.330000,0.042752,-0.01413741,0.03178430,1.01323472,-0.09956874
533,278,2.602857,0.065540,-0.01681386,0.02702011,0.79246835,-0.08255064
534,468,2.648421,0.107521,-0.00589942,0.01076501,0.59997857,-0.06051477
535,411,2.699412,0.111655,-0.02378529,0.01131739,0.57955948,-0.07608254
536,396,2.380000,0.048081,-0.02071604,0.07150121,0.84539186,-0.06950462
537,284,2.432000,0.042817,-0.00555691,0.04288841,1.06874756,-0.09098746
538,491,2.652353,0.091833,-0.00953244,0.02576035,0.75654315,-0.07230658
539,299,2.202000,0.036823,-0.00748373,0.05909449,1.11418536,-0.08935503
540,434,2.718947,0.119032,-0.00303924,0.01031853,0.61824039,-0.05970402
541,333,2.381429,0.050060,-0.00273274,0.02866601,1.00401657,-0.08880139
542,480,2.553846,0.069167,0.00622730,0.01529860,0.87909434,-0.07403284
543,258,2.674545,0.114031,0.05453782,0.01076934,0.60711304,-0.00078882
544,317,2.655333,0.125647,-0.00721046,0.00497829,0.57399249,-0.06212057
545,378,2.623333,0.124921,-0.01116471,0.00769114,0.59226507,-0.06654565
546,284,1.832000,0.032254,-0.00132936,0.01646647,1.05276083,-0.09837221
547,432,2.684000,0.124259,-0.01596183,0.00706063,0.55317640,-0.06774916
548,432,2.651429,0.128889,-0.00372545,0.00484499,0.51053910,-0.05235687
549,502,2.247500,0.035817,0.00047092,0.03090455,1.03216097,-0.08729290
550,501,2.599333,0.077824,-0.00491160,0.03384650,0.83669009,-0.07165735
551,478,2.515714,0.073682,0.00731027,0.04321142,0.81176246,-0.05226027
552,450,2.642857,0.123333,0.00343239,0.03427549,0.62317719,-0.04174758
553,509,2.556875,0.080373,-0.00481813,0.03347382,0.85872624,-0.07395385
554,267,2.563846,0.124831,-0.01406646,0.00613568,0.59957591,-0.07095621
555,496,2.788571,0.078710,-0.01645330,0.07262866,0.79959751,-0.06009872
556,285,2.025000,0.042632,0.00473935,0.02193880,1.01634082,-0.08592534
557,380,2.466667,0.058421,-0.01264880,0.06289358,0.87647245,-0.06884926
558,288,2.608000,0.135833,0.01255732,0.00664506,0.50384630,-0.03450478
559,390,2.672222,0.123333,0.04484914,0.02579306,0.60558481,-0.00281281
560,317,2.702143,0.119338,-0.00561984,0.06728993,0.61577228,-0.03355211
561,417,2.257273,0.059544,-0.00940510,0.04998823,0.85427589,-0.06983858
562,473,2.737222,0.104165,-0.01058413,0.01844628,0.66089559,-0.06745056
563,329,2.714000,0.123739,0.00555807,0.00518366,0.55852612,-0.04770272
564,484,2.746087,0.130496,-0.00016170,0.00387962,0.55286530,-0.05350842
565,458,2.302500,0.040218,0.00464751,0.03632386,1.05200151,-0.08239072
566,386,2.070000,0.010725,-0.05587856,0.05853350,1.13968806,-0.14058062
567,285,1.716667,0.018070,-0.00336195,0.04172530,1.15003468,-0.09750277
568,495,1.841667,0.022323,-0.01021965,0.04134887,1.14205064,-0.10375028
569,466,2.487692,0.069399,-0.00555440,0.03758804,0.85317090,-0.07207747
570,356,2.715000,0.122022,-0.00788641,0.03504343,0.62645857,-0.05301056
571,474,2.355000,0.059620,0.00725212,0.02944485,0.92412186,-0.07043763
572,420,2.700000,0.090000,-0.00311350,0.01087534,0.80546802,-0.07822263
573,352,2.246667,0.038295,-0.00340365,0.04053022,1.05187704,-0.08832625
574,300,2.600000,0.130000,-0.00019016,0.00963802,0.58981171,-0.05435232
575,428,2.694286,0.088131,-0.01429364,0.00967000,0.82152977,-0.09161162
576,452,2.656842,0.111681,0.02960803,0.04584471,0.60996441,-0.00846605
577,501,2.532667,0.075828,0.00153523,0.03566743,0.83891723,-0.06452278
578,372,2.228000,0.059892,-0.00222070,0.03879479,0.92531175,-0.07535449
579,336,2.234286,0.046548,0.00560133,0.03908965,1.00489938,-0.07534379
580,451,2.499091,0.060953,0.02150579,0.01952323,0.92324165,-0.06105676
581,291,2.545385,0.113711,-0.03508495,0.00569600,0.55814445,-0.08805139
582,456,2.656364,0.128158,0.02056674,0.00566851,0.52812955,-0.02941196
583,491,2.699565,0.126456,0.00367620,0.00478493,0.54494457,-0.04842579
584,448,2.701333,0.090446,-0.00116536,0.00904876,0.76145923,-0.07278690
585,382,2.698750,0.113037,0.00762636,0.01225351,0.64085151,-0.05033204
586,505,2.797500,0.110792,-0.01472482,0.03386302,0.63050420,-0.06084373
587,506,2.616190,0.108577,-0.00989606,0.00904826,0.63574008,-0.06894594
588,283,2.646250,0.074806,-0.01780339,0.05411880,0.80274956,-0.07101894
589,288,2.024000,0.035139,-0.02509399,0.02960375,1.06078915,-0.11637103
590,261,2.565000,0.058966,0.03429072,0.01720107,0.97104977,-0.05421372
591,372,2.808889,0.067957,-0.01231747,0.04932517,0.90944175,-0.07859906
592,456,2.348571,0.036053,-0.05866037,0.01444331,1.07934376,-0.15937309
593,481,2.645000,0.120977,-0.01876702,0.00517782,0.59456799,-0.07563491
594,464,2.566154,0.071897,-0.01333550,0.00719236,0.82897722,-0.09263705
595,317,2.261429,0.049937,-0.00065009,0.01094339,0.98254178,-0.09343258
596,288,2.647273,0.101111,-0.02557931,0.02588027,0.70916767,-0.08355594
597,407,2.696500,0.132506,0.00224944,0.00694168,0.50675595,-0.04495532
598,319,2.101250,0.052696,-0.00951329,0.04878573,1.01748507,-0.08686893
599,362,1.793333,0.014862,-0.00663971,0.02858754,1.20283626,-0.11262957
600,427,2.247143,0.036838,-0.01423554,0.07262449,0.93486397,-0.07140970
601,358,1.903333,0.031899,-0.01060288,0.05676421,1.04151499,-0.08637228
602,479,2.659412,0.094384,-0.02377820,0.03944401,0.72086821,-0.07614302
603,429,2.246364,0.057599,-0.00568066,0.04027295,0.95670734,-0.08121492
604,416,2.552500,0.098173,-0.03070965,0.01229489,0.70952385,-0.09551459
605,483,2.397692,0.064534,-0.00870428,0.02847981,0.90251008,-0.08471538
606,425,2.475000,0.058235,0.00627995,0.04971691,1.00866814,-0.06972841
607,259,2.534167,0.117413,-0.07269274,0.00883940,0.61175383,-0.12944842
608,432,2.684000,0.124259,-0.00878594,0.00467353,0.55023718,-0.06147289
609,396,2.458182,0.068283,0.00380540,0.02625919,0.92425416,-0.07549042
610,456,2.735238,0.125965,0.00775429,0.00768227,0.52604699,-0.04100927
611,470,2.390909,0.055957,0.00997839,0.06390873,0.92096684,-0.05016393
612,482,2.584286,0.075062,-0.01349393,0.01317334,0.84681123,-0.09158839
613,341,2.510000,0.066246,0.00529135,0.03830816,0.91513251,-0.06706782
614,453,2.420769,0.069470,0.04145554,0.09405443,0.90192931,-0.00171018
615,256,2.676364,0.115000,-0.00551711,0.05959463,0.66374242,-0.04209404
616,453,2.641429,0.122450,0.03441505,0.01110771,0.59074453,-0.01910555
617,454,2.736190,0.126564,0.03390235,0.00831419,0.53832369,-0.01577293
618,410,2.784211,0.129024,-0.01056564,0.00674922,0.50223773,-0.05741481
619,351,2.165556,0.055527,-0.01206765,0.05209991,0.93880690,-0.07989839
620,333,2.690714,0.113123,0.01285263,0.02326806,0.59347709,-0.03486105
621,418,2.382000,0.056986,-0.00538989,0.07775411,0.96672759,-0.06318560
622,432,2.516364,0.064074,-0.00108266,0.01378202,0.95784705,-0.08997636
623,473,2.590714,0.076681,-0.01011083,0.04353878,0.81160152,-0.06950159
624,370,2.723529,0.125135,-0.00521965,0.00633791,0.61036112,-0.06308681
625,277,2.246000,0.040542,0.01012569,0.02748985,1.03839024,-0.07996841
626,407,2.627895,0.122678,-0.00881776,0.00594152,0.55127554,-0.06097455
627,368,2.754667,0.112283,-0.01035442,0.00677533,0.62687253,-0.06965401
628,498,2.740000,0.126546,-0.00660532,0.00354494,0.48998299,-0.05383115
629,338,2.683529,0.134970,0.02016015,0.00204883,0.46213945,-0.02502938
630,343,2.683571,0.109534,-0.03024310,0.08471508,0.73808131,-0.06169369
631,301,1.497500,0.019900,-0.00834072,0.08899129,0.92069863,-0.05591494
632,334,2.110000,0.037904,0.02421486,0.02596995,1.03765503,-0.06656567
633,396,2.565000,0.103636,-0.01175524,0.01161842,0.64021175,-0.06996720
634,291,2.792143,0.134330,-0.01570543,0.00537595,0.52002375,-0.06501983
635,340,2.725000,0.128235,-0.01533418,0.02682754,0.56733587,-0.05865400
636,304,2.160000,0.042632,-0.00162229,0.04189407,1.03241591,-0.08391684
637,299,2.734000,0.137157,-0.00357255,0.00759786,0.56673931,-0.05644755
638,382,2.418000,0.063298,0.00128451,0.03484327,0.95542404,-0.07683626
639,404,2.773333,0.061782,-0.00610732,0.03762192,0.94032121,-0.08132848
640,300,2.600000,0.043333,0.00040581,0.08293522,0.98956530,-0.05708311
641,329,2.580667,0.117660,0.01041032,0.00942890,0.63571284,-0.04844652
642,333,2.820769,0.110120,0.02699172,0.02818516,0.71878850,-0.03079456
643,369,2.288750,0.049621,-0.00323495,0.03334466,0.96102824,-0.08266544
644,502,2.465333,0.073665,-0.00491901,0.05525460,0.82597590,-0.05988930
645,327,2.848667,0.130673,0.01114836,0.05630556,0.64189346,-0.02488821
646,502,1.854286,0.025857,-0.00317462,0.04468236,1.11079809,-0.09191325
647,478,2.474545,0.056946,-0.02320000,0.05901343,0.94240664,-0.08793395
648,472,2.560000,0.070508,0.01880951,0.03040027,0.88132876,-0.05412323
649,434,2.380000,0.038387,-0.00582256,0.01336219,1.06202436,-0.10534390
650,449,2.675500,0.119176,0.07473946,0.00972677,0.62383748,0.01721910
651,273,2.522500,0.110879,-0.00209388,0.01401583,0.67651418,-0.06273739
652,349,2.542500,0.087421,-0.00602324,0.07350578,0.67716966,-0.03698732
653,410,2.190000,0.053415,0.01021658,0.02641749,0.93820687,-0.07039536
654,379,2.521000,0.066517,-0.00091283,0.03359575,0.89732140,-0.07384710
655,436,2.464000,0.056514,-0.00737535,0.04652442,0.93460090,-0.07757323
656,267,2.527500,0.113596,-0.02505977,0.00891371,0.66208801,-0.08681172
657,357,2.270000,0.057227,-0.01233549,0.07668372,0.95237457,-0.06923109
658,387,2.713529,0.119199,-0.05833554,0.00692731,0.61726374,-0.11659826
659,260,2.100000,0.032308,0.08052868,0.01618633,1.10799994,-0.02217815
660,411,2.731053,0.126253,-0.00416488,0.00434842,0.55607383,-0.05759806
661,270,2.561538,0.123333,-0.03898126,0.00748662,0.53684534,-0.08892248
662,502,2.665833,0.127450,-0.00613116,0.00393630,0.48749702,-0.05291271
663,384,2.416000,0.062917,-0.00411755,0.03369141,0.88113197,-0.07538504
664,319,2.756667,0.077774,-0.00034825,0.02032877,0.86434646,-0.07661851
665,360,2.425000,0.053889,-0.01593670,0.02881496,0.94435339,-0.09596456
666,312,2.742500,0.140641,-0.01824869,0.00502197,0.50403271,-0.06614098
667,320,2.612500,0.130625,-0.00269985,0.00333044,0.54831510,-0.05586614
668,262,2.567692,0.127405,-0.03793684,0.00273593,0.50373660,-0.08694253
669,332,2.730000,0.131566,-0.01040127,0.00302551,0.50079884,-0.05896840
670,319,2.613125,0.131066,0.00165473,0.00344523,0.44959517,-0.04158217
671,474,2.684000,0.084937,-0.02481410,0.03306858,0.70026155,-0.07830597
672,344,2.680000,0.132442,0.01617465,0.02541125,0.48018929,-0.01913865
673,396,2.736000,0.103636,0.00482417,0.01068454,0.65581933,-0.05541549
674,421,2.676154,0.082637,0.00393580,0.00717188,0.76328167,-0.06880643
675,344,2.797647,0.138256,-0.02099372,0.00209995,0.49272349,-0.06921609
676,363,2.485556,0.061625,0.00612271,0.09080859,0.82110872,-0.03058387
677,384,2.716000,0.070729,-0.02047970,0.05696972,0.81192071,-0.07318691
678,365,2.261111,0.055753,0.00338906,0.05756422,0.89555144,-0.05738398
679,439,2.585385,0.076560,-0.00643264,0.01582991,0.78737100,-0.07725478
680,283,2.782308,0.127809,0.01151448,0.00472702,0.48518634,-0.03464064
681,410,1.985714,0.033902,-0.00968606,0.05868812,0.99279086,-0.07962108
682,384,2.640000,0.130625,-0.00952879,0.01973100,0.47166514,-0.04682981
683,328,2.714667,0.124146,-0.00262062,0.00734523,0.49193698,-0.04814170
684,360,0.700000,0.003889,-0.00283280,0.03946389,1.20982332,-0.10408319
685,374,2.635385,0.091604,0.00027771,0.03036769,0.70532412,-0.05507085
686,296,2.736000,0.138649,-0.01205361,0.00371264,0.45543123,-0.05574041
687,272,2.790769,0.133382,0.00110230,0.00357173,0.46256732,-0.04336857
688,349,2.390000,0.061633,-0.00367367,0.02799571,0.91491569,-0.08116738
689,387,1.782500,0.018424,-0.01994204,0.02511678,1.10038850,-0.11742250
690,445,1.887500,0.016966,-0.00269593,0.07062030,1.18146919,-0.08553270
691,285,2.037500,0.028596,-0.00878105,0.11442462,1.05709007,-0.05727775
692,510,2.544444,0.044902,-0.00738448,0.06991791,0.97599615,-0.07002514
693,354,2.292000,0.032373,-0.00169435,0.05726541,1.07442314,-0.08050396
694,437,0.657500,0.006018,0.01773314,0.06443384,1.18071044,-0.06812099
695,409,2.130000,0.036455,-0.01504705,0.10191462,1.06271554,-0.07036130
696,257,2.619167,0.122296,-0.28297742,0.06849155,0.52287666,-0.30101930
697,303,2.161667,0.042805,-0.01065673,0.08869128,1.06300920,-0.07261201
698,465,1.470000,0.015806,-0.02862978,0.05353549,1.18539594,-0.12040163
699,312,2.760000,0.115000,-0.01227029,0.03438293,0.64250793,-0.05932962
700,340,2.371429,0.048824,-0.02148639,0.06808740,0.92469000,-0.07991169
701,511,2.683846,0.068278,-0.00674065,0.03163783,0.89161817,-0.08008355
702,265,2.668750,0.080566,0.04957429,0.01049915,0.83956781,-0.02913292
703,429,2.439231,0.073916,-0.00030978,0.02267024,0.86501175,-0.07547583
704,416,2.781053,0.127019,-0.03122538,0.00816053,0.55078810,-0.08222393
705,319,2.781000,0.087179,-0.02058329,0.05769600,0.75134097,-0.06686939
706,394,2.406000,0.061066,-0.01055938,0.03934735,0.90237206,-0.08112291
707,312,2.268571,0.050897,-0.00589195,0.02593450,0.97603714,-0.09052842
708,357,2.086000,0.029216,-0.01116614,0.06516366,1.07322139,-0.08590646
709,333,2.334000,0.035045,0.00713012,0.09987139,0.98785513,-0.04171970
710,474,2.543333,0.032194,-0.00646768,0.08828222,1.06572989,-0.06889956
711,510,2.658333,0.062549,-0.00982479,0.07526051,0.82129744,-0.05432428
712,258,2.484000,0.048140,-0.10780344,0.24508288,0.87651429,-0.07291344
713,344,2.637333,0.115000,0.00424570,0.02574408,0.57971841,-0.04085411
714,506,2.628421,0.098696,-0.00900004,0.01941873,0.66345019,-0.06563570
715,467,2.595000,0.077794,-0.01332516,0.03593795,0.80420276,-0.07577646
716,399,2.556667,0.057669,-0.02082038,0.09169214,0.89473158,-0.06444747
717,292,2.698462,0.120137,-0.00995823,0.00692348,0.55801384,-0.06229788
718,500,2.750000,0.088000,-0.01021196,0.01008515,0.81709860,-0.08687925
719,438,2.710000,0.136119,-0.00911490,0.00415944,0.51528087,-0.05856327
720,277,2.659286,0.134404,-0.02312680,0.00541500,0.53086532,-0.07350583
721,330,2.350000,0.014242,-0.00932534,0.08004621,0.98915132,-0.06821737
722,291,4.045000,0.027801,0.00330084,0.09274937,0.90173310,-0.04049778
723,267,1.776667,0.019963,-0.07230025,0.07932541,0.97031546,-0.12966909
724,364,0.786667,0.006484,-0.00127537,0.05785405,1.17479538,-0.08982789
725,325,3.107143,0.066923,-0.03427390,0.07093766,0.72387964,-0.07119303
726,422,2.945000,0.027915,-0.01890106,0.08333807,0.99057668,-0.07628970
727,430,3.540000,0.041163,-0.01227324,0.03429038,0.88961436,-0.08408948
728,353,3.210000,0.063654,0.00095888,0.07362804,0.72367073,-0.03459418
729,309,2.982000,0.048252,0.00144900,0.05550915,0.91647213,-0.06244364
730,291,6.045000,0.041546,0.00920482,0.10628145,0.79833769,-0.01748822
731,473,3.090000,0.019598,-0.00716394,0.03732975,1.03604355,-0.09210342
732,347,6.843333,0.059164,-0.00377095,0.16286622,0.69087975,0.00857418
733,299,3.336667,0.033478,0.00278409,0.18732654,0.84516577,0.01193078
734,449,1.170000,0.007817,-0.01654332,0.11744384,1.14680762,-0.07250216
735,449,1.127500,0.010045,-0.02329769,0.05301429,1.20132265,-0.11692281
736,440,2.650000,0.024091,-0.00613238,0.07215104,1.06672656,-0.07672952
737,379,3.401250,0.071794,0.00602584,0.05841121,0.78044372,-0.04281293
738,467,3.776667,0.024261,0.00228824,0.11237447,1.00517321,-0.04204185
739,414,4.620000,0.033478,-0.00573815,0.12918839,0.99420068,-0.04056402
740,343,2.856667,0.024985,-0.01039567,0.08392176,1.00162641,-0.06859743
741,379,2.605000,0.013747,-0.00540279,0.06916485,1.14309177,-0.08512954
742,374,2.086667,0.016738,-0.00344511,0.08674359,1.18634144,-0.07870746
743,375,2.541667,0.040667,-0.00315428,0.04888483,0.99619552,-0.07833142
744,394,2.686667,0.020457,-0.02425465,0.03203320,1.03896987,-0.11213503
745,414,2.924000,0.105942,-0.01586180,0.02202132,0.60791585,-0.06564272
746,279,3.245556,0.104695,0.01151985,0.11520301,0.62379496,0.00674186
747,366,3.268000,0.044645,-0.01244217,0.03892750,0.92684682,-0.08566310
748,501,3.997500,0.031916,-0.00120517,0.11948183,0.95118018,-0.03658227
749,510,4.980000,0.048824,0.00104136,0.16327821,0.71937599,0.01074287
750,359,4.705000,0.026212,-0.00942804,0.13173038,0.96254290,-0.03981715
751,457,3.607500,0.031575,-0.03478361,0.17681258,0.82997077,-0.02937440
752,337,4.815000,0.028576,0.01533587,0.45907895,0.94802460,0.15007288
753,432,4.560000,0.031667,-0.00239907,0.27593359,0.87225574,0.04834215
754,459,7.136667,0.046645,0.00140384,0.20370996,0.72873303,0.03038551
755,298,5.510000,0.036980,-0.00275924,0.17321519,0.72228752,0.01161960
756,445,4.183333,0.028202,-0.00527268,0.17957071,0.82544557,0.00196812
757,413,1.290000,0.009370,-0.02013171,0.16112175,1.03705864,-0.04327671
758,409,3.970000,0.029120,0.00234493,0.23174427,0.91226804,0.02699026
759,486,4.380000,0.027037,-0.00800541,0.13412319,0.87903007,-0.02884682
760,425,3.583333,0.025294,0.00443263,0.15089353,0.94521354,-0.01464196
761,292,4.040000,0.027671,0.00037934,0.13058310,0.95869013,-0.03019812
762,381,6.595000,0.034619,-0.01564427,0.12391015,0.83077816,-0.03676701
763,309,5.636667,0.054725,-0.00889176,0.16017746,0.63856837,0.00734013
764,482,7.060000,0.043942,0.00164541,0.15823597,0.67715789,0.01304761
765,324,6.380000,0.039383,0.02404098,0.35853799,0.72849689,0.13046029
766,488,5.706667,0.035082,-0.00419587,0.27243539,0.82933052,0.04908877
767,458,5.284000,0.057686,-0.02340130,0.23836314,0.77240232,0.01854003
768,382,6.090000,0.031885,0.01498285,0.14531904,0.91590239,-0.00394787
769,320,3.900000,0.024375,-0.00683250,0.13891146,0.97098358,-0.03447513
770,490,6.366667,0.038980,0.01399043,0.28116636,0.86788268,0.06778534
771,443,3.190000,0.021603,-0.00461120,0.21559341,0.92142677,0.01104282
772,500,6.333333,0.038000,-0.00157007,0.23931038,0.72891796,0.04519332
773,369,3.155000,0.017100,0.00531455,0.28790524,0.94723708,0.05454345
774,290,4.050000,0.027931,-0.02138637,0.09843845,0.79962953,-0.05213010
775,392,7.540000,0.038469,-0.00415518,0.12085855,0.76743767,-0.02046967
776,422,4.926667,0.035024,0.01114296,0.17682252,0.87249964,0.01230425
777,382,10.090000,0.052827,0.00126426,0.25274370,0.72359760,0.05527635
778,334,5.830000,0.034910,-0.00299617,0.25671939,0.84512235,0.04085129
779,376,7.620000,0.040532,-0.00269802,0.23682932,0.79957205,0.03575943
780,393,6.535000,0.033257,-0.00602347,0.21224308,0.91222869,0.00887520
781,361,7.195000,0.039861,-0.01203698,0.32788876,0.86910885,0.06499652
782,459,5.803333,0.037930,-0.00547298,0.21377153,0.93438525,0.00797426
783,489,6.527500,0.053395,-0.00280166,0.26298276,0.75022864,0.05366685
784,360,7.200000,0.040000,0.00285162,0.23116146,0.80393921,0.03803842
785,321,1.895000,0.011807,0.01239080,0.19521870,1.14883280,-0.00488314
786,388,4.560000,0.023505,-0.06715638,0.08116031,1.01424856,-0.12800108
787,342,8.790000,0.051404,0.01300545,0.28183092,0.84107711,0.06981320
788,323,3.885000,0.024056,0.07329002,0.07621495,1.03752128,0.00764536
789,336,1.320000,0.007857,0.04400974,0.16534243,1.14348980,0.01233197
790,324,2.380000,0.014691,-0.01356640,0.12309375,1.11906244,-0.06392577
791,295,1.525000,0.010339,0.01361828,0.16118144,1.18324616,-0.02411561
792,382,2.090000,0.010942,-0.01901869,0.04215856,1.15979643,-0.11391906
793,413,2.623333,0.019056,-0.00273512,0.12518546,1.06319240,-0.04646163
794,263,7.185000,0.054639,-0.01877115,0.14649810,0.78287164,-0.02380927
795,259,3.205000,0.024749,-0.05561753,0.13676110,0.86753025,-0.07399000
796,477,4.076667,0.025639,-0.00665186,0.18951248,1.01426709,-0.01332233
797,356,4.220000,0.023708,-0.01194715,0.17291395,1.00436483,-0.02592666
798,411,5.630000,0.041095,0.01177563,0.22159124,0.75269469,0.04730178
799,393,5.535000,0.028168,-0.04374018,0.11380065,0.96855743,-0.08369560
800,284,7.080000,0.049859,-0.01737941,0.39116448,0.67008622,0.11119421
801,374,7.630000,0.040802,0.00356315,0.23334185,0.79127578,0.04110649
802,427,6.576667,0.046206,0.00326729,0.49025328,0.65525058,0.18286887
803,435,5.550000,0.038276,-0.00389773,0.29325885,0.84850915,0.05788077
804,505,6.650000,0.039505,0.00003259,0.32940732,0.72605029,0.09213122
805,416,5.946667,0.042885,0.00765680,0.41719885,0.71943657,0.14431256
806,486,5.046667,0.031152,-0.00140625,0.54455694,0.91322311,0.17954991
807,277,3.743333,0.040542,-0.01698897,0.28866632,0.84350837,0.04299334
808,392,4.540000,0.023163,-0.02102660,0.17775414,0.95024919,-0.02717445
809,444,6.520000,0.044054,-0.00006878,0.31547947,0.76042019,0.08162893
810,293,2.035000,0.013891,0.00084237,0.22154779,1.08320438,0.00329582
811,414,4.953333,0.035894,0.00861828,0.27643478,0.79771861,0.06706381
812,474,3.315000,0.027975,0.01151013,0.23593823,0.92848294,0.03663095
813,258,4.710000,0.036512,-0.08120859,0.12016925,0.85311400,-0.10643537
814,418,3.273333,0.023493,-0.00262300,0.24406409,0.91195824,0.02821323
815,292,6.540000,0.044795,-0.00272550,0.43634413,0.88645246,0.12680132
816,417,3.610000,0.025971,-0.00032447,0.35750258,0.89033660,0.08939315
817,363,5.456667,0.045096,-0.00565541,0.24716028,0.75274540,0.04265018
818,432,3.420000,0.031667,0.00045458,0.19094290,0.95988375,-0.00006235
819,295,5.525000,0.037458,-0.01790145,0.58803583,0.87657279,0.18845919
820,383,3.085000,0.016110,-0.00428563,0.14658338,1.10972154,-0.04196609
821,330,5.350000,0.032424,-0.03226195,0.25692646,0.89457227,0.00674405
822,486,4.046667,0.024979,-0.00886351,0.14094565,1.01629447,-0.04002014
823,343,8.285000,0.048309,0.00764520,0.15153063,0.72990307,0.01042021
824,407,5.310000,0.039140,-0.00448561,0.35760157,0.72954499,0.10136068
825,510,3.225000,0.025294,-0.00954917,0.23480646,1.03709325,0.00414473
826,283,3.085000,0.021802,-0.01250874,0.12369281,0.97719434,-0.04838177
827,444,3.186667,0.021532,0.00698941,0.16175188,1.04608541,-0.01674319
828,370,6.150000,0.033243,0.01438078,0.16660880,0.86352208,0.01133297
829,501,3.663333,0.021936,0.00860667,0.16079230,0.93118429,-0.00411561
830,270,1.150000,0.008519,0.02257312,0.07502075,1.14508231,-0.05442474
831,491,5.030000,0.030733,-0.00104155,0.17089544,0.93974060,-0.00956790
832,497,3.343333,0.020181,0.00294968,0.11593981,1.00745738,-0.03982616
833,370,4.650000,0.025135,-0.00878747,0.09008207,0.96150663,-0.05989710
834,410,4.966667,0.036341,0.00527099,0.19665875,0.86850711,0.01674965
835,493,3.356667,0.020426,-0.01055870,0.12804583,1.04987116,-0.05152290
836,333,6.835000,0.041051,-0.00248785,0.13191482,0.80375460,-0.01690591
837,296,4.520000,0.030541,-0.00137911,0.13793523,0.84899996,-0.01731149
838,328,5.860000,0.035732,-0.01259858,0.10813542,0.87696965,-0.04622783
839,389,6.555000,0.033702,-0.04909728,0.18139176,0.83265656,-0.04166706
840,511,5.296667,0.031096,0.00034894,0.31091109,0.91359372,0.06444511
841,444,8.853333,0.059820,-0.00542395,0.41205727,0.64933863,0.13567082
842,371,7.145000,0.038518,-0.00604830,0.24366269,0.78909296,0.03687374
843,364,8.180000,0.044945,0.00927621,0.37568001,0.70671681,0.12644454
844,314,6.430000,0.040955,-0.01251613,0.41593676,0.75040004,0.12041225
845,412,2.626667,0.019126,0.00184767,0.35299914,1.03678935,0.07466830
846,388,5.060000,0.026082,0.02198042,0.31919886,0.97708514,0.08387134
847,268,6.660000,0.049701,-0.00165885,0.18660719,0.69625220,0.02201952
848,299,7.005000,0.046856,0.00082219,0.30246900,0.82271607,0.06978508
849,335,7.325000,0.043731,0.04154441,0.65088160,0.84356048,0.28262917
850,263,3.685000,0.028023,-0.03359977,0.56241918,0.90299091,0.15731072
851,275,8.125000,0.059091,-0.00122461,0.34297874,0.79271761,0.09099299
852,364,5.180000,0.028462,-0.00951801,0.21194136,1.00964926,-0.00451226
853,493,3.356667,0.020426,-0.00148682,0.24728301,1.09910036,0.01224465
854,381,3.095000,0.016247,-0.00367076,0.20204185,1.13821025,-0.01647086
855,289,6.555000,0.045363,-0.02724676,0.32149701,0.66634117,0.06686763
856,434,7.220000,0.049908,0.00305977,0.27451783,0.72361260,0.06795742
857,478,7.073333,0.044393,-0.00922388,0.23086800,0.77272378,0.02893774
858,497,3.343333,0.020181,0.00581953,0.32007289,1.02385599,0.06347038
859,285,6.575000,0.046140,-0.01060083,0.19873585,0.86580577,0.00218651
860,286,3.070000,0.021469,-0.01380351,0.28604398,0.99729269,0.02948921
861,419,7.270000,0.052053,-0.00442879,0.56530586,0.58545674,0.21967847
862,411,5.630000,0.041095,0.00885873,0.45162153,0.76693042,0.15797645
863,498,2.340000,0.014096,-0.01246393,0.30492888,1.09383216,0.03061729
864,345,8.275000,0.047971,-0.01055782,0.20986968,0.79138286,0.01523874
865,484,5.386667,0.033388,-0.01165520,0.45989439,0.86452979,0.13183902
866,303,7.985000,0.052706,-0.00154295,0.70275288,0.64155185,0.28567830
867,499,5.336667,0.032084,-0.00741343,0.35247799,0.93759824,0.07506574
868,500,5.333333,0.032000,-0.00571193,0.34596912,0.91031108,0.07624153
869,438,5.873333,0.040228,-0.00251086,0.42207010,0.73960468,0.13456372
870,410,8.300000,0.060732,-0.00535032,0.52889057,0.61805239,0.19728972
871,412,5.293333,0.038544,0.00202152,0.51817343,0.91333961,0.16977427
872,416,0.946667,0.006827,-0.00422649,0.21692587,1.21406329,-0.01716988
873,483,4.056667,0.025197,0.00097052,0.28575650,0.99909203,0.04393956
874,370,6.650000,0.035946,0.00253885,0.27910105,0.89242931,0.05284644
875,488,2.373333,0.014590,-0.00765043,0.27635056,1.11652382,0.01887247
876,506,1.646667,0.009763,-0.00177401,0.18858594,1.18852350,-0.02633339
877,352,1.740000,0.009886,-0.01791916,0.13878520,1.10542647,-0.05906921
878,438,3.206667,0.021963,-0.01758150,0.19876724,1.02737950,-0.02093583
879,278,2.110000,0.015180,-0.03765611,0.28420099,1.13043365,-0.00859898
880,458,9.140000,0.059869,0.02188291,0.76602635,0.75840439,0.32905564
881,442,5.860000,0.039774,-0.00627704,0.33150173,0.90291709,0.06918211
882,455,5.483333,0.036154,-0.02236906,0.49539916,0.87323800,0.13800671
883,317,5.415000,0.034164,-0.00869573,0.22317545,0.97099708,0.00579228
884,483,11.056667,0.068675,-0.00278235,0.86340669,0.71262162,0.35765882
885,318,0.910000,0.005723,0.00248840,0.22430358,1.11218795,0.00342140
886,355,0.225000,0.001268,0.00250855,0.14660640,1.16354567,-0.04054282
887,469,5.436667,0.034776,-0.01352816,0.26085181,0.88073955,0.02882379
888,444,3.520000,0.023784,0.01505677,0.37714232,1.05616945,0.09801098
889,298,5.010000,0.033624,-0.01673972,0.36857606,0.97539410,0.07000889
890,445,4.850000,0.032697,-0.00012257,0.29199998,1.00426189,0.04545123
891,415,7.283333,0.052651,0.00036693,0.39944658,0.73554067,0.12653615
892,341,0.295000,0.001730,0.01801611,0.13927307,1.27444315,-0.03979167
893,382,4.090000,0.021414,-0.00428283,0.29264599,1.06262255,0.03577791
894,369,5.155000,0.027940,-0.00401326,0.28896585,0.97970976,0.04249869
895,330,4.850000,0.029394,0.00758107,0.34093999,0.96557390,0.08149368
896,504,6.490000,0.051508,-0.00053981,0.66662653,0.85304125,0.24746933
897,495,6.350000,0.038485,-0.01085142,0.56195774,0.96676350,0.17345111
898,435,4.216667,0.029080,0.00243735,0.56914511,0.95728328,0.19128158
899,450,3.833333,0.025556,-0.02440925,0.51408103,1.09297449,0.12333381
900,353,3.735000,0.021161,-0.01103804,0.47998411,1.10746784,0.11820723
901,357,5.215000,0.029216,-0.00288414,0.30688729,0.94327696,0.05623180
902,460,6.466667,0.042174,0.02242011,0.38962290,0.83797523,0.13343404
903,464,6.786667,0.043879,-0.01534006,0.42145811,0.93478869,0.10191012
904,311,2.445000,0.015723,0.01607495,0.36716366,1.00422567,0.09923421
905,303,0.485000,0.003201,0.00326474,0.19122207,1.21779752,-0.02290398
906,311,-1.055000,-0.006785,0.03749020,0.23057260,1.22066462,0.03071003
907,315,-0.575000,-0.003651,-0.00261830,0.09628093,1.27131833,-0.08160967
908,291,-0.955000,-0.006564,0.01219571,0.10124488,1.25027966,-0.06220982
909,351,1.245000,0.007094,-0.00764806,0.10390500,1.22933778,-0.07862934
910,444,-0.813333,-0.005495,-0.01136563,0.02033191,1.31468690,-0.13266836
911,344,-0.220000,-0.001279,0.02193376,0.06120518,1.28320488,-0.07578414
912,416,0.613333,0.004423,-0.01948522,0.07627458,1.28766429,-0.11011436
913,357,0.715000,0.004006,-0.01006239,0.07552403,1.25185415,-0.09748579
914,443,2.523333,0.017088,-0.00576879,0.11055930,1.18679857,-0.06916900
915,436,1.213333,0.008349,0.00229728,0.06969766,1.26650201,-0.08950409
916,387,7.065000,0.036512,0.04537511,0.25339812,1.10540426,0.06153374
917,375,5.125000,0.027333,-0.00342749,0.19321390,1.04720393,-0.01154093
918,435,6.216667,0.042874,-0.00522212,0.43430994,0.98199222,0.11373363
919,392,4.040000,0.020612,0.01374191,0.07364676,1.09551846,-0.05898656
920,354,1.730000,0.009774,-0.01526368,0.21729256,1.23848110,-0.03046551
921,330,1.350000,0.008182,-0.02211896,0.12953942,1.19650076,-0.07699933
922,482,5.060000,0.031494,-0.00348963,0.21416363,1.01653947,0.00193823
923,323,5.885000,0.036440,-0.07977952,0.27254260,0.91059306,-0.03456753
924,331,5.845000,0.035317,0.03706012,0.16660418,0.99951454,0.02041076
925,421,1.263333,0.009002,-0.00625301,0.11667861,1.20242029,-0.06815574
926,271,1.645000,0.012140,-0.01684689,0.25378286,1.12157452,-0.00211292
927,498,0.340000,0.002048,-0.00434615,0.11049039,1.15183429,-0.06428439
928,263,3.185000,0.024221,0.03214692,0.25110082,1.01090604,0.05660673
929,417,3.276667,0.023573,0.00605594,0.38020386,1.02357523,0.09380035
930,424,0.586667,0.004151,-0.00503131,0.09670260,1.18415558,-0.07509557
931,351,0.745000,0.004245,0.00438762,0.09857746,1.24861414,-0.07118506
932,410,5.633333,0.041220,-0.00571659,0.32472609,0.91816964,0.06482949
933,390,6.550000,0.033590,0.01357297,0.38158941,1.06195780,0.09817189
934,262,6.190000,0.047252,0.04026474,0.46321672,0.95207786,0.17666532
935,419,4.603333,0.032959,-0.00037479,0.39683442,0.98092244,0.09995018
936,258,3.710000,0.028760,-0.11431680,0.50090983,0.98765814,0.03737229
937,402,11.326667,0.084527,-0.00570351,0.60731798,0.65977433,0.23197804
938,308,11.460000,0.074416,-0.00430136,1.32832803,0.73506295,0.58635636
939,406,0.313333,0.002315,0.00563756,0.17874027,1.28982724,-0.03397504
940,397,13.015000,0.065567,0.03051212,0.38136226,0.78987409,0.14220584
941,296,3.020000,0.020405,0.01513589,0.47639139,1.08073179,0.14525840
942,256,4.220000,0.032969,-0.02220891,0.38860524,0.89340568,0.08275314
943,365,1.675000,0.009178,0.00783249,0.18149232,1.19426914,-0.02084826
944,340,3.866667,0.034118,-0.01114267,0.33903311,0.96503761,0.06187012
945,295,11.525000,0.078136,-0.00620875,0.64959646,0.69904354,0.24868513
946,380,9.600000,0.050526,-0.00182779,0.55800196,0.84795915,0.19237728
947,262,10.190000,0.077786,0.00684525,0.70130995,0.67444582,0.29005564
948,314,3.430000,0.021847,-0.00037107,0.27657849,1.04742709,0.03317547
949,494,4.686667,0.028462,-0.00660675,0.58878565,1.03432954,0.18435311
950,356,9.220000,0.051798,-0.00456029,0.61101952,0.88003482,0.21294599
951,499,6.336667,0.038096,-0.01269578,0.37655627,0.89030887,0.08655147
952,437,10.876667,0.074668,-0.00328998,0.80155878,0.74208294,0.32328111
953,269,6.155000,0.045762,0.02594144,0.55924074,1.01855082,0.20370673
954,406,4.646667,0.034335,-0.02800009,0.49878308,1.05820166,0.11557128
955,338,4.310000,0.025503,-0.01513056,0.35761274,1.10758344,0.05291746
956,358,10.710000,0.059832,-0.00205113,0.60029958,0.83593297,0.21450537
957,308,6.460000,0.041948,-0.00727518,0.50367095,1.01237517,0.14332278
958,270,7.650000,0.056667,0.01918306,0.76639024,0.85961425,0.31641676
959,512,4.960000,0.029062,-0.00673086,0.54082215,1.02743902,0.16093631
960,400,12.500000,0.062500,0.00965152,0.73642800,0.83120693,0.29474483
961,417,11.276667,0.081127,0.01108672,0.98776783,0.68566604,0.43640402
962,440,7.200000,0.049091,-0.00066026,0.79726964,0.96823085,0.30115147
963,432,10.893333,0.075648,-0.00229641,1.07792014,0.77266852,0.45939680
964,334,7.330000,0.043892,-0.00798442,0.94176507,1.02888677,0.36000944
965,295,0.525000,0.003559,-0.00830881,0.45128403,1.16666210,0.10066699
966,409,3.970000,0.029120,-0.00690293,0.66861412,0.99656602,0.22774752
967,501,5.330000,0.031916,0.00001733,0.57128327,0.97245239,0.18841372
968,452,1.160000,0.007699,0.00289951,0.21155156,1.27760677,-0.01908540
969,331,1.345000,0.008127,-0.05131707,0.12426621,1.22267081,-0.11145105
970,441,1.196667,0.008141,-0.00684427,0.07511834,1.24559853,-0.09384495
971,506,1.313333,0.007787,-0.00595950,0.11212856,1.20001798,-0.06989702
972,471,3.763333,0.023970,-0.00002300,0.18979327,1.07055275,-0.01218165
973,402,4.993333,0.037264,-0.00008099,0.32123208,1.04023054,0.05651200
974,257,9.715000,0.075603,-0.15030975,0.54148991,0.73590705,0.04684450
975,491,12.696667,0.077576,-0.00681406,0.77290536,0.69114079,0.31052454
976,390,10.550000,0.054103,0.04605096,0.65586936,0.84650647,0.28933500
977,459,7.470000,0.048824,-0.01738357,0.94352059,0.96353907,0.35802281
978,448,1.173333,0.007857,-0.00720346,0.39607564,1.23077622,0.06775672
979,470,1.766667,0.011277,0.01036178,0.50919798,1.08618060,0.15634271
980,492,4.026667,0.024553,-0.01052715,0.32562387,1.09080270,0.04320452
981,337,4.315000,0.025608,0.00921207,0.33270959,1.03453117,0.07211375
982,324,-1.620000,-0.010000,-0.03173578,0.12935381,1.22582713,-0.08964159
983,297,1.015000,0.006835,0.00333414,0.20177015,1.14908100,-0.01068889
984,265,1.675000,0.012642,0.01516779,0.12433619,1.19835685,-0.04249980
985,492,2.693333,0.016423,-0.01313185,0.19222715,1.11751353,-0.02876963
986,388,3.060000,0.015773,0.00769809,0.13886142,1.20594105,-0.04346531
987,488,13.706667,0.084262,0.00992691,0.75412207,0.72705052,0.31428290
988,478,10.073333,0.063222,0.00157569,0.77197030,0.77115482,0.31044537
989,471,5.430000,0.034586,0.00096203,0.50248076,0.96245044,0.15595736
990,338,16.310000,0.096509,0.00799031,0.83145537,0.55847514,0.36787049
991,510,11.300000,0.066471,0.02242060,1.11609202,0.78136231,0.50233039
992,509,8.636667,0.050904,0.01800585,0.78677736,0.91638486,0.31975604
993,312,8.940000,0.057308,-0.00055521,0.87224706,0.65886519,0.36968180
994,319,9.905000,0.062100,0.00328779,1.48497686,0.74270010,0.67150621
995,313,10.435000,0.066677,0.00031914,1.57003932,0.68585358,0.71675344
996,402,6.326667,0.047214,-0.00158041,1.20249198,0.90106392,0.50955918
997,459,2.803333,0.018322,0.01536214,0.83574257,1.17127747,0.31610568
998,338,6.310000,0.037337,0.03277849,0.79532603,0.98973717,0.33146779
999,351,9.745000,0.055527,0.01226771,0.73078011,0.88701242,0.28895652
1000,370,5.433333,0.044054,-0.00189425,0.78065059,0.96728845,0.29170220
